index,school_id,language,level
0,admiralty,Chinese,Regular
1,admiralty,Chinese,Higher
2,admiralty,Malay,Regular
3,admiralty,Malay,Higher
4,admiralty,Tamil,Regular
5,admiralty,Tamil,Higher
6,ahmad-ibrahim,Chinese,Regular
7,ahmad-ibrahim,Chinese,Higher
8,ahmad-ibrahim,Malay,Regular
9,ahmad-ibrahim,Malay,Higher
10,ahmad-ibrahim,Tamil,Regular
11,ahmad-ibrahim,Tamil,Higher
12,ai-tong,Chinese,Regular
13,ai-tong,Chinese,Higher
14,alexandra,Chinese,Regular
15,alexandra,Chinese,Higher
16,alexandra,Malay,Regular
17,alexandra,Malay,Higher
18,alexandra,Tamil,Regular
19,alexandra,Tamil,Higher
20,anchor-green,Chinese,Regular
21,anchor-green,Chinese,Higher
22,anchor-green,Malay,Regular
23,anchor-green,Malay,Higher
24,anchor-green,Tamil,Regular
25,anchor-green,Tamil,Higher
26,anderson,Chinese,Regular
27,anderson,Chinese,Higher
28,anderson,Malay,Regular
29,anderson,Malay,Higher
30,anderson,Tamil,Regular
31,anderson,Tamil,Higher
32,ang-mo-kio,Chinese,Regular
33,ang-mo-kio,Chinese,Higher
34,ang-mo-kio,Malay,Regular
35,ang-mo-kio,Malay,Higher
36,ang-mo-kio,Tamil,Regular
37,ang-mo-kio,Tamil,Higher
38,anglo-chinese-junior,Chinese,Regular
39,anglo-chinese-junior,Chinese,Higher
40,anglo-chinese-junior,Malay,Regular
41,anglo-chinese-junior,Tamil,Regular
42,anglo-chinese-primary,Chinese,Regular
43,anglo-chinese-primary,Chinese,Higher
44,anglo-chinese-primary,Malay,Regular
45,anglo-chinese-primary,Tamil,Regular
46,anglo-chinese-primary,Tamil,Higher
47,angsana,Chinese,Regular
48,angsana,Chinese,Higher
49,angsana,Malay,Regular
50,angsana,Malay,Higher
51,angsana,Tamil,Regular
52,angsana,Tamil,Higher
53,beacon,Chinese,Regular
54,beacon,Chinese,Higher
55,beacon,Malay,Regular
56,beacon,Malay,Higher
57,beacon,Tamil,Regular
58,beacon,Tamil,Higher
59,bedok-green,Chinese,Regular
60,bedok-green,Chinese,Higher
61,bedok-green,Malay,Regular
62,bedok-green,Malay,Higher
63,bedok-green,Tamil,Regular
64,bedok-green,Tamil,Higher
65,bendemeer,Chinese,Regular
66,bendemeer,Chinese,Higher
67,bendemeer,Malay,Regular
68,bendemeer,Malay,Higher
69,bendemeer,Tamil,Regular
70,bendemeer,Tamil,Higher
71,blangah-rise,Chinese,Regular
72,blangah-rise,Chinese,Higher
73,blangah-rise,Malay,Regular
74,blangah-rise,Malay,Higher
75,blangah-rise,Tamil,Regular
76,blangah-rise,Tamil,Higher
77,boon-lay-garden,Chinese,Regular
78,boon-lay-garden,Chinese,Higher
79,boon-lay-garden,Malay,Regular
80,boon-lay-garden,Malay,Higher
81,boon-lay-garden,Tamil,Regular
82,boon-lay-garden,Tamil,Higher
83,bukit-panjang,Chinese,Regular
84,bukit-panjang,Chinese,Higher
85,bukit-panjang,Malay,Regular
86,bukit-panjang,Malay,Higher
87,bukit-panjang,Tamil,Regular
88,bukit-panjang,Tamil,Higher
89,bukit-timah,Chinese,Regular
90,bukit-timah,Chinese,Higher
91,bukit-timah,Malay,Regular
92,bukit-timah,Malay,Higher
93,bukit-timah,Tamil,Regular
94,bukit-timah,Tamil,Higher
95,bukit-view,Chinese,Regular
96,bukit-view,Chinese,Higher
97,bukit-view,Malay,Regular
98,bukit-view,Malay,Higher
99,bukit-view,Tamil,Regular
100,bukit-view,Tamil,Higher
101,canberra,Chinese,Regular
102,canberra,Chinese,Higher
103,canberra,Malay,Regular
104,canberra,Malay,Higher
105,canberra,Tamil,Regular
106,canberra,Tamil,Higher
107,canossa-catholic,Chinese,Regular
108,canossa-catholic,Chinese,Higher
109,canossa-catholic,Malay,Regular
110,canossa-catholic,Tamil,Regular
111,canossa-catholic,Tamil,Higher
112,cantonment,Chinese,Regular
113,cantonment,Chinese,Higher
114,cantonment,Malay,Regular
115,cantonment,Malay,Higher
116,cantonment,Tamil,Regular
117,cantonment,Tamil,Higher
118,casuarina,Chinese,Regular
119,casuarina,Chinese,Higher
120,casuarina,Malay,Regular
121,casuarina,Tamil,Regular
122,catholic-high,Chinese,Regular
123,catholic-high,Chinese,Higher
124,cedar,Chinese,Regular
125,cedar,Chinese,Higher
126,cedar,Malay,Regular
127,cedar,Malay,Higher
128,cedar,Tamil,Regular
129,cedar,Tamil,Higher
130,changkat,Chinese,Regular
131,changkat,Chinese,Higher
132,changkat,Malay,Regular
133,changkat,Malay,Higher
134,changkat,Tamil,Regular
135,changkat,Tamil,Higher
136,chij-katong,Chinese,Regular
137,chij-katong,Chinese,Higher
138,chij-katong,Malay,Regular
139,chij-katong,Malay,Higher
140,chij-katong,Tamil,Regular
141,chij-katong,Tamil,Higher
142,chij-kellock,Chinese,Regular
143,chij-kellock,Chinese,Higher
144,chij-kellock,Malay,Regular
145,chij-kellock,Malay,Higher
146,chij-kellock,Tamil,Regular
147,chij-kellock,Tamil,Higher
148,chij-our-lady-of-good-counsel,Chinese,Regular
149,chij-our-lady-of-good-counsel,Chinese,Higher
150,chij-our-lady-of-good-counsel,Malay,Regular
151,chij-our-lady-of-good-counsel,Tamil,Regular
152,chij-our-lady-of-good-counsel,Tamil,Higher
153,chij-our-lady-of-the-nativity,Chinese,Regular
154,chij-our-lady-of-the-nativity,Chinese,Higher
155,chij-our-lady-of-the-nativity,Malay,Regular
156,chij-our-lady-of-the-nativity,Tamil,Regular
157,chij-our-lady-of-the-nativity,Tamil,Higher
158,chij-our-lady-queen-of-peace,Chinese,Regular
159,chij-our-lady-queen-of-peace,Chinese,Higher
160,chij-our-lady-queen-of-peace,Malay,Regular
161,chij-our-lady-queen-of-peace,Malay,Higher
162,chij-our-lady-queen-of-peace,Tamil,Regular
163,chij-our-lady-queen-of-peace,Tamil,Higher
164,chij-st-nicholas-girls,Chinese,Regular
165,chij-st-nicholas-girls,Chinese,Higher
166,chij-toa-payoh,Chinese,Regular
167,chij-toa-payoh,Chinese,Higher
168,chij-toa-payoh,Malay,Regular
169,chij-toa-payoh,Malay,Higher
170,chij-toa-payoh,Tamil,Regular
171,chij-toa-payoh,Tamil,Higher
172,chongfu,Chinese,Regular
173,chongfu,Chinese,Higher
174,chongfu,Malay,Regular
175,chongfu,Malay,Higher
176,chongfu,Tamil,Regular
177,chongfu,Tamil,Higher
178,chongzheng,Chinese,Regular
179,chongzheng,Chinese,Higher
180,chongzheng,Malay,Regular
181,chongzheng,Malay,Higher
182,chongzheng,Tamil,Regular
183,chongzheng,Tamil,Higher
184,chua-chu-kang,Chinese,Regular
185,chua-chu-kang,Chinese,Higher
186,chua-chu-kang,Malay,Regular
187,chua-chu-kang,Malay,Higher
188,chua-chu-kang,Tamil,Regular
189,chua-chu-kang,Tamil,Higher
190,clementi,Chinese,Regular
191,clementi,Chinese,Higher
192,clementi,Malay,Regular
193,clementi,Malay,Higher
194,clementi,Tamil,Regular
195,clementi,Tamil,Higher
196,compassvale,Chinese,Regular
197,compassvale,Chinese,Higher
198,compassvale,Malay,Regular
199,compassvale,Malay,Higher
200,compassvale,Tamil,Regular
201,compassvale,Tamil,Higher
202,concord,Chinese,Regular
203,concord,Chinese,Higher
204,concord,Malay,Regular
205,concord,Malay,Higher
206,concord,Tamil,Regular
207,concord,Tamil,Higher
208,corporation,Chinese,Regular
209,corporation,Chinese,Higher
210,corporation,Malay,Regular
211,corporation,Malay,Higher
212,corporation,Tamil,Regular
213,damai,Chinese,Regular
214,damai,Chinese,Higher
215,damai,Malay,Regular
216,damai,Malay,Higher
217,damai,Tamil,Regular
218,damai,Tamil,Higher
219,dazhong,Chinese,Regular
220,dazhong,Chinese,Higher
221,dazhong,Malay,Regular
222,dazhong,Malay,Higher
223,dazhong,Tamil,Regular
224,dazhong,Tamil,Higher
225,de-la-salle,Chinese,Regular
226,de-la-salle,Chinese,Higher
227,de-la-salle,Malay,Regular
228,de-la-salle,Malay,Higher
229,de-la-salle,Tamil,Regular
230,de-la-salle,Tamil,Higher
231,east-spring,Chinese,Regular
232,east-spring,Chinese,Higher
233,east-spring,Malay,Regular
234,east-spring,Malay,Higher
235,east-spring,Tamil,Regular
236,east-spring,Tamil,Higher
237,edgefield,Chinese,Regular
238,edgefield,Chinese,Higher
239,edgefield,Malay,Regular
240,edgefield,Malay,Higher
241,edgefield,Tamil,Regular
242,edgefield,Tamil,Higher
243,elias-park,Chinese,Regular
244,elias-park,Chinese,Higher
245,elias-park,Malay,Regular
246,elias-park,Malay,Higher
247,elias-park,Tamil,Regular
248,endeavour,Chinese,Regular
249,endeavour,Chinese,Higher
250,endeavour,Malay,Regular
251,endeavour,Malay,Higher
252,endeavour,Tamil,Regular
253,eunos,Chinese,Regular
254,eunos,Chinese,Higher
255,eunos,Malay,Regular
256,eunos,Malay,Higher
257,eunos,Tamil,Regular
258,eunos,Tamil,Higher
259,evergreen,Chinese,Regular
260,evergreen,Chinese,Higher
261,evergreen,Malay,Regular
262,evergreen,Malay,Higher
263,evergreen,Tamil,Regular
264,evergreen,Tamil,Higher
265,fairfield-methodist,Chinese,Regular
266,fairfield-methodist,Chinese,Higher
267,fairfield-methodist,Malay,Regular
268,fairfield-methodist,Tamil,Regular
269,fairfield-methodist,Tamil,Higher
270,farrer-park,Chinese,Regular
271,farrer-park,Chinese,Higher
272,farrer-park,Malay,Regular
273,farrer-park,Tamil,Regular
274,farrer-park,Tamil,Higher
275,fengshan,Chinese,Regular
276,fengshan,Chinese,Higher
277,fengshan,Malay,Regular
278,fengshan,Malay,Higher
279,fengshan,Tamil,Regular
280,fengshan,Tamil,Higher
281,fern-green,Chinese,Regular
282,fern-green,Chinese,Higher
283,fern-green,Malay,Regular
284,fern-green,Malay,Higher
285,fern-green,Tamil,Regular
286,fernvale,Chinese,Regular
287,fernvale,Chinese,Higher
288,fernvale,Malay,Regular
289,fernvale,Malay,Higher
290,fernvale,Tamil,Regular
291,fernvale,Tamil,Higher
292,first-toa-payoh,Chinese,Regular
293,first-toa-payoh,Chinese,Higher
294,first-toa-payoh,Malay,Regular
295,first-toa-payoh,Malay,Higher
296,first-toa-payoh,Tamil,Regular
297,first-toa-payoh,Tamil,Higher
298,frontier,Chinese,Regular
299,frontier,Chinese,Higher
300,frontier,Malay,Regular
301,frontier,Malay,Higher
302,frontier,Tamil,Regular
303,frontier,Tamil,Higher
304,fuchun,Chinese,Regular
305,fuchun,Chinese,Higher
306,fuchun,Malay,Regular
307,fuchun,Malay,Higher
308,fuchun,Tamil,Regular
309,fuchun,Tamil,Higher
310,fuhua,Chinese,Regular
311,fuhua,Chinese,Higher
312,fuhua,Malay,Regular
313,fuhua,Malay,Higher
314,fuhua,Tamil,Regular
315,fuhua,Tamil,Higher
316,gan-eng-seng,Chinese,Regular
317,gan-eng-seng,Chinese,Higher
318,gan-eng-seng,Malay,Regular
319,gan-eng-seng,Malay,Higher
320,gan-eng-seng,Tamil,Regular
321,gan-eng-seng,Tamil,Higher
322,geylang-methodist,Chinese,Regular
323,geylang-methodist,Chinese,Higher
324,geylang-methodist,Malay,Regular
325,geylang-methodist,Tamil,Regular
326,geylang-methodist,Tamil,Higher
327,gongshang,Chinese,Regular
328,gongshang,Chinese,Higher
329,gongshang,Malay,Regular
330,gongshang,Malay,Higher
331,gongshang,Tamil,Regular
332,greendale,Chinese,Regular
333,greendale,Chinese,Higher
334,greendale,Malay,Regular
335,greendale,Malay,Higher
336,greendale,Tamil,Regular
337,greenridge,Chinese,Regular
338,greenridge,Chinese,Higher
339,greenridge,Malay,Regular
340,greenridge,Malay,Higher
341,greenridge,Tamil,Regular
342,greenridge,Tamil,Higher
343,greenwood,Chinese,Regular
344,greenwood,Chinese,Higher
345,greenwood,Malay,Regular
346,greenwood,Malay,Higher
347,greenwood,Tamil,Regular
348,greenwood,Tamil,Higher
349,guangyang,Chinese,Regular
350,guangyang,Chinese,Higher
351,guangyang,Malay,Regular
352,guangyang,Malay,Higher
353,guangyang,Tamil,Regular
354,guangyang,Tamil,Higher
355,haig-girls,Chinese,Regular
356,haig-girls,Chinese,Higher
357,haig-girls,Malay,Regular
358,haig-girls,Malay,Higher
359,haig-girls,Tamil,Regular
360,haig-girls,Tamil,Higher
361,henry-park,Chinese,Regular
362,henry-park,Chinese,Higher
363,henry-park,Malay,Regular
364,henry-park,Malay,Higher
365,henry-park,Tamil,Regular
366,henry-park,Tamil,Higher
367,holy-innocents,Chinese,Regular
368,holy-innocents,Chinese,Higher
369,hong-wen,Chinese,Regular
370,hong-wen,Chinese,Higher
371,horizon,Chinese,Regular
372,horizon,Chinese,Higher
373,horizon,Malay,Regular
374,horizon,Malay,Higher
375,horizon,Tamil,Regular
376,horizon,Tamil,Higher
377,hougang,Chinese,Regular
378,hougang,Chinese,Higher
379,hougang,Malay,Regular
380,hougang,Malay,Higher
381,hougang,Tamil,Regular
382,hougang,Tamil,Higher
383,huamin,Chinese,Regular
384,huamin,Chinese,Higher
385,huamin,Malay,Regular
386,huamin,Malay,Higher
387,huamin,Tamil,Regular
388,huamin,Tamil,Higher
389,innova,Chinese,Regular
390,innova,Chinese,Higher
391,innova,Malay,Regular
392,innova,Malay,Higher
393,innova,Tamil,Regular
394,innova,Tamil,Higher
395,jiemin,Chinese,Regular
396,jiemin,Chinese,Higher
397,jiemin,Malay,Regular
398,jiemin,Malay,Higher
399,jiemin,Tamil,Regular
400,jiemin,Tamil,Higher
401,jing-shan,Chinese,Regular
402,jing-shan,Chinese,Higher
403,jing-shan,Malay,Regular
404,jing-shan,Malay,Higher
405,jing-shan,Tamil,Regular
406,jing-shan,Tamil,Higher
407,junyuan,Chinese,Regular
408,junyuan,Chinese,Higher
409,junyuan,Malay,Regular
410,junyuan,Malay,Higher
411,junyuan,Tamil,Regular
412,junyuan,Tamil,Higher
413,jurong,Chinese,Regular
414,jurong,Chinese,Higher
415,jurong,Malay,Regular
416,jurong,Malay,Higher
417,jurong,Tamil,Regular
418,jurong,Tamil,Higher
419,jurong-west,Chinese,Regular
420,jurong-west,Chinese,Higher
421,jurong-west,Malay,Regular
422,jurong-west,Malay,Higher
423,jurong-west,Tamil,Regular
424,jurong-west,Tamil,Higher
425,juying,Chinese,Regular
426,juying,Chinese,Higher
427,juying,Malay,Regular
428,juying,Malay,Higher
429,juying,Tamil,Regular
430,juying,Tamil,Higher
431,keming,Chinese,Regular
432,keming,Chinese,Higher
433,keming,Malay,Regular
434,keming,Malay,Higher
435,keming,Tamil,Regular
436,keming,Tamil,Higher
437,kheng-cheng,Chinese,Regular
438,kheng-cheng,Chinese,Higher
439,kheng-cheng,Malay,Regular
440,kheng-cheng,Tamil,Regular
441,kong-hwa,Chinese,Regular
442,kong-hwa,Chinese,Higher
443,kranji,Chinese,Regular
444,kranji,Chinese,Higher
445,kranji,Malay,Regular
446,kranji,Malay,Higher
447,kranji,Tamil,Regular
448,kranji,Tamil,Higher
449,kuo-chuan-presbyterian,Chinese,Regular
450,kuo-chuan-presbyterian,Chinese,Higher
451,kuo-chuan-presbyterian,Malay,Regular
452,kuo-chuan-presbyterian,Malay,Higher
453,kuo-chuan-presbyterian,Tamil,Regular
454,kuo-chuan-presbyterian,Tamil,Higher
455,lakeside,Chinese,Regular
456,lakeside,Chinese,Higher
457,lakeside,Malay,Regular
458,lakeside,Malay,Higher
459,lakeside,Tamil,Regular
460,lakeside,Tamil,Higher
461,lianhua,Chinese,Regular
462,lianhua,Chinese,Higher
463,lianhua,Malay,Regular
464,lianhua,Malay,Higher
465,lianhua,Tamil,Regular
466,lianhua,Tamil,Higher
467,maha-bodhi,Chinese,Regular
468,maha-bodhi,Chinese,Higher
469,maris-stella-high,Chinese,Regular
470,maris-stella-high,Chinese,Higher
471,marsiling,Chinese,Regular
472,marsiling,Chinese,Higher
473,marsiling,Malay,Regular
474,marsiling,Malay,Higher
475,marsiling,Tamil,Regular
476,marsiling,Tamil,Higher
477,marymount-convent,Chinese,Regular
478,marymount-convent,Chinese,Higher
479,marymount-convent,Malay,Regular
480,marymount-convent,Malay,Higher
481,marymount-convent,Tamil,Regular
482,marymount-convent,Tamil,Higher
483,mayflower,Chinese,Regular
484,mayflower,Chinese,Higher
485,mayflower,Malay,Regular
486,mayflower,Malay,Higher
487,mayflower,Tamil,Regular
488,mayflower,Tamil,Higher
489,mee-toh,Chinese,Regular
490,mee-toh,Chinese,Higher
491,mee-toh,Malay,Regular
492,mee-toh,Tamil,Regular
493,meridian,Chinese,Regular
494,meridian,Chinese,Higher
495,meridian,Malay,Regular
496,meridian,Malay,Higher
497,meridian,Tamil,Regular
498,meridian,Tamil,Higher
499,methodist-girls,Chinese,Regular
500,methodist-girls,Chinese,Higher
501,methodist-girls,Malay,Regular
502,methodist-girls,Tamil,Regular
503,montfort-junior,Chinese,Regular
504,montfort-junior,Chinese,Higher
505,montfort-junior,Malay,Regular
506,montfort-junior,Malay,Higher
507,montfort-junior,Tamil,Regular
508,montfort-junior,Tamil,Higher
509,nan-chiau,Chinese,Regular
510,nan-chiau,Chinese,Higher
511,nan-chiau,Malay,Regular
512,nan-chiau,Malay,Higher
513,nan-chiau,Tamil,Regular
514,nan-chiau,Tamil,Higher
515,nan-hua,Chinese,Regular
516,nan-hua,Chinese,Higher
517,nanyang,Chinese,Regular
518,nanyang,Chinese,Higher
519,naval-base,Chinese,Regular
520,naval-base,Chinese,Higher
521,naval-base,Malay,Regular
522,naval-base,Malay,Higher
523,naval-base,Tamil,Regular
524,naval-base,Tamil,Higher
525,new-town,Chinese,Regular
526,new-town,Chinese,Higher
527,new-town,Malay,Regular
528,new-town,Malay,Higher
529,new-town,Tamil,Regular
530,new-town,Tamil,Higher
531,ngee-ann,Chinese,Regular
532,ngee-ann,Chinese,Higher
533,ngee-ann,Malay,Regular
534,ngee-ann,Malay,Higher
535,ngee-ann,Tamil,Regular
536,ngee-ann,Tamil,Higher
537,north-spring,Chinese,Regular
538,north-spring,Chinese,Higher
539,north-spring,Malay,Regular
540,north-spring,Malay,Higher
541,north-spring,Tamil,Regular
542,north-spring,Tamil,Higher
543,north-view,Chinese,Regular
544,north-view,Chinese,Higher
545,north-view,Malay,Regular
546,north-view,Malay,Higher
547,north-view,Tamil,Regular
548,north-view,Tamil,Higher
549,north-vista,Chinese,Regular
550,north-vista,Malay,Regular
551,north-vista,Tamil,Regular
552,northland,Chinese,Regular
553,northland,Chinese,Higher
554,northland,Malay,Regular
555,northland,Malay,Higher
556,northland,Tamil,Regular
557,northland,Tamil,Higher
558,northoaks,Chinese,Regular
559,northoaks,Malay,Regular
560,northoaks,Tamil,Regular
561,northshore,Chinese,Regular
562,northshore,Malay,Regular
563,northshore,Tamil,Regular
564,oasis,Chinese,Regular
565,oasis,Malay,Regular
566,oasis,Tamil,Regular
567,opera-estate,Chinese,Regular
568,opera-estate,Chinese,Higher
569,opera-estate,Malay,Regular
570,opera-estate,Malay,Higher
571,opera-estate,Tamil,Regular
572,opera-estate,Tamil,Higher
573,palm-view,Chinese,Regular
574,palm-view,Chinese,Higher
575,palm-view,Malay,Regular
576,palm-view,Malay,Higher
577,palm-view,Tamil,Regular
578,park-view,Chinese,Regular
579,park-view,Chinese,Higher
580,park-view,Malay,Regular
581,park-view,Malay,Higher
582,park-view,Tamil,Regular
583,pasir-ris,Chinese,Regular
584,pasir-ris,Malay,Regular
585,pasir-ris,Tamil,Regular
586,paya-lebar-methodist-girls,Chinese,Regular
587,paya-lebar-methodist-girls,Chinese,Higher
588,paya-lebar-methodist-girls,Malay,Regular
589,paya-lebar-methodist-girls,Tamil,Regular
590,paya-lebar-methodist-girls,Tamil,Higher
591,pei-chun-public,Chinese,Regular
592,pei-chun-public,Chinese,Higher
593,pei-hwa-presbyterian,Chinese,Regular
594,pei-hwa-presbyterian,Chinese,Higher
595,pei-tong,Chinese,Regular
596,pei-tong,Chinese,Higher
597,pei-tong,Malay,Regular
598,pei-tong,Malay,Higher
599,pei-tong,Tamil,Regular
600,pei-tong,Tamil,Higher
601,peiying,Chinese,Regular
602,peiying,Chinese,Higher
603,peiying,Malay,Regular
604,peiying,Malay,Higher
605,peiying,Tamil,Regular
606,peiying,Tamil,Higher
607,pioneer,Chinese,Regular
608,pioneer,Chinese,Higher
609,pioneer,Malay,Regular
610,pioneer,Malay,Higher
611,pioneer,Tamil,Regular
612,pioneer,Tamil,Higher
613,poi-ching,Chinese,Regular
614,poi-ching,Chinese,Higher
615,princess-elizabeth,Chinese,Regular
616,princess-elizabeth,Chinese,Higher
617,princess-elizabeth,Malay,Regular
618,princess-elizabeth,Malay,Higher
619,princess-elizabeth,Tamil,Regular
620,princess-elizabeth,Tamil,Higher
621,punggol,Chinese,Regular
622,punggol,Chinese,Higher
623,punggol,Malay,Regular
624,punggol,Tamil,Regular
625,punggol,Tamil,Higher
626,punggol-cove,Chinese,Regular
627,punggol-cove,Chinese,Higher
628,punggol-cove,Malay,Regular
629,punggol-cove,Malay,Higher
630,punggol-cove,Tamil,Regular
631,punggol-cove,Tamil,Higher
632,punggol-green,Chinese,Regular
633,punggol-green,Chinese,Higher
634,punggol-green,Malay,Regular
635,punggol-green,Malay,Higher
636,punggol-green,Tamil,Regular
637,punggol-green,Tamil,Higher
638,punggol-view,Chinese,Regular
639,punggol-view,Malay,Regular
640,punggol-view,Tamil,Regular
641,qifa,Chinese,Regular
642,qifa,Chinese,Higher
643,qifa,Malay,Regular
644,qifa,Tamil,Regular
645,qihua,Chinese,Regular
646,qihua,Chinese,Higher
647,qihua,Malay,Regular
648,qihua,Malay,Higher
649,qihua,Tamil,Regular
650,qihua,Tamil,Higher
651,queenstown,Chinese,Regular
652,queenstown,Chinese,Higher
653,queenstown,Malay,Regular
654,queenstown,Malay,Higher
655,queenstown,Tamil,Regular
656,queenstown,Tamil,Higher
657,radin-mas,Chinese,Regular
658,radin-mas,Chinese,Higher
659,radin-mas,Malay,Regular
660,radin-mas,Malay,Higher
661,radin-mas,Tamil,Regular
662,radin-mas,Tamil,Higher
663,raffles-girls,Chinese,Regular
664,raffles-girls,Chinese,Higher
665,raffles-girls,Malay,Regular
666,raffles-girls,Malay,Higher
667,raffles-girls,Tamil,Regular
668,raffles-girls,Tamil,Higher
669,red-swastika,Chinese,Regular
670,red-swastika,Chinese,Higher
671,river-valley,Chinese,Regular
672,river-valley,Chinese,Higher
673,river-valley,Malay,Regular
674,river-valley,Tamil,Regular
675,riverside,Chinese,Regular
676,riverside,Chinese,Higher
677,riverside,Malay,Regular
678,riverside,Malay,Higher
679,riverside,Tamil,Regular
680,riverside,Tamil,Higher
681,rivervale,Chinese,Regular
682,rivervale,Chinese,Higher
683,rivervale,Malay,Regular
684,rivervale,Malay,Higher
685,rivervale,Tamil,Regular
686,rivervale,Tamil,Higher
687,rosyth,Chinese,Regular
688,rosyth,Chinese,Higher
689,rosyth,Malay,Regular
690,rosyth,Malay,Higher
691,rosyth,Tamil,Regular
692,rosyth,Tamil,Higher
693,rulang,Chinese,Regular
694,rulang,Chinese,Higher
695,rulang,Malay,Regular
696,rulang,Malay,Higher
697,rulang,Tamil,Regular
698,rulang,Tamil,Higher
699,sembawang,Chinese,Regular
700,sembawang,Chinese,Higher
701,sembawang,Malay,Regular
702,sembawang,Malay,Higher
703,sembawang,Tamil,Regular
704,sembawang,Tamil,Higher
705,seng-kang,Chinese,Regular
706,seng-kang,Chinese,Higher
707,seng-kang,Malay,Regular
708,seng-kang,Tamil,Regular
709,seng-kang,Tamil,Higher
710,sengkang-green,Chinese,Regular
711,sengkang-green,Chinese,Higher
712,sengkang-green,Malay,Regular
713,sengkang-green,Malay,Higher
714,sengkang-green,Tamil,Regular
715,sengkang-green,Tamil,Higher
716,shuqun,Chinese,Regular
717,shuqun,Chinese,Higher
718,shuqun,Malay,Regular
719,shuqun,Malay,Higher
720,shuqun,Tamil,Regular
721,shuqun,Tamil,Higher
722,si-ling,Chinese,Regular
723,si-ling,Chinese,Higher
724,si-ling,Malay,Regular
725,si-ling,Malay,Higher
726,si-ling,Tamil,Regular
727,si-ling,Tamil,Higher
728,singapore-chinese-girls,Chinese,Regular
729,singapore-chinese-girls,Chinese,Higher
730,singapore-chinese-girls,Malay,Regular
731,singapore-chinese-girls,Tamil,Regular
732,singapore-chinese-girls,Tamil,Higher
733,south-view,Chinese,Regular
734,south-view,Chinese,Higher
735,south-view,Malay,Regular
736,south-view,Malay,Higher
737,south-view,Tamil,Regular
738,south-view,Tamil,Higher
739,springdale,Chinese,Regular
740,springdale,Chinese,Higher
741,springdale,Malay,Regular
742,springdale,Malay,Higher
743,springdale,Tamil,Regular
744,springdale,Tamil,Higher
745,st-andrew-junior,Chinese,Regular
746,st-andrew-junior,Malay,Regular
747,st-andrew-junior,Malay,Higher
748,st-andrew-junior,Tamil,Regular
749,st-andrew-junior,Tamil,Higher
750,st-anthony,Chinese,Regular
751,st-anthony,Chinese,Higher
752,st-anthony,Malay,Regular
753,st-anthony,Malay,Higher
754,st-anthony,Tamil,Regular
755,st-anthony,Tamil,Higher
756,st-anthony-canossian,Chinese,Regular
757,st-anthony-canossian,Chinese,Higher
758,st-anthony-canossian,Malay,Regular
759,st-anthony-canossian,Malay,Higher
760,st-anthony-canossian,Tamil,Regular
761,st-anthony-canossian,Tamil,Higher
762,st-gabriel,Chinese,Regular
763,st-gabriel,Chinese,Higher
764,st-gabriel,Malay,Regular
765,st-gabriel,Malay,Higher
766,st-gabriel,Tamil,Regular
767,st-gabriel,Tamil,Higher
768,st-hilda,Chinese,Regular
769,st-hilda,Chinese,Higher
770,st-hilda,Malay,Regular
771,st-hilda,Malay,Higher
772,st-hilda,Tamil,Regular
773,st-hilda,Tamil,Higher
774,st-joseph-institution-junior,Chinese,Regular
775,st-joseph-institution-junior,Chinese,Higher
776,st-joseph-institution-junior,Malay,Regular
777,st-joseph-institution-junior,Malay,Higher
778,st-joseph-institution-junior,Tamil,Regular
779,st-joseph-institution-junior,Tamil,Higher
780,st-margaret,Chinese,Regular
781,st-margaret,Chinese,Higher
782,st-margaret,Malay,Regular
783,st-margaret,Malay,Higher
784,st-margaret,Tamil,Regular
785,st-margaret,Tamil,Higher
786,st-stephen,Chinese,Regular
787,st-stephen,Chinese,Higher
788,st-stephen,Malay,Regular
789,st-stephen,Malay,Higher
790,st-stephen,Tamil,Regular
791,st-stephen,Tamil,Higher
792,stamford,Chinese,Regular
793,stamford,Chinese,Higher
794,stamford,Malay,Regular
795,stamford,Tamil,Regular
796,stamford,Tamil,Higher
797,tampines,Chinese,Regular
798,tampines,Chinese,Higher
799,tampines,Malay,Regular
800,tampines,Malay,Higher
801,tampines,Tamil,Regular
802,tampines,Tamil,Higher
803,tampines-north,Chinese,Regular
804,tampines-north,Chinese,Higher
805,tampines-north,Malay,Regular
806,tampines-north,Malay,Higher
807,tampines-north,Tamil,Regular
808,tampines-north,Tamil,Higher
809,tanjong-katong,Chinese,Regular
810,tanjong-katong,Chinese,Higher
811,tanjong-katong,Malay,Regular
812,tanjong-katong,Malay,Higher
813,tanjong-katong,Tamil,Regular
814,tanjong-katong,Tamil,Higher
815,tao-nan,Chinese,Regular
816,tao-nan,Chinese,Higher
817,teck-ghee,Chinese,Regular
818,teck-ghee,Chinese,Higher
819,teck-ghee,Malay,Regular
820,teck-ghee,Malay,Higher
821,teck-ghee,Tamil,Regular
822,teck-ghee,Tamil,Higher
823,teck-whye,Chinese,Regular
824,teck-whye,Chinese,Higher
825,teck-whye,Malay,Regular
826,teck-whye,Malay,Higher
827,teck-whye,Tamil,Regular
828,teck-whye,Tamil,Higher
829,telok-kurau,Chinese,Regular
830,telok-kurau,Chinese,Higher
831,telok-kurau,Malay,Regular
832,telok-kurau,Malay,Higher
833,telok-kurau,Tamil,Regular
834,telok-kurau,Tamil,Higher
835,temasek,Chinese,Regular
836,temasek,Chinese,Higher
837,temasek,Malay,Regular
838,temasek,Malay,Higher
839,temasek,Tamil,Regular
840,temasek,Tamil,Higher
841,townsville,Chinese,Regular
842,townsville,Chinese,Higher
843,townsville,Malay,Regular
844,townsville,Tamil,Regular
845,townsville,Tamil,Higher
846,unity,Chinese,Regular
847,unity,Chinese,Higher
848,unity,Malay,Regular
849,unity,Malay,Higher
850,unity,Tamil,Regular
851,valour,Chinese,Regular
852,valour,Malay,Regular
853,valour,Tamil,Regular
854,waterway,Chinese,Regular
855,waterway,Chinese,Higher
856,waterway,Malay,Regular
857,waterway,Malay,Higher
858,waterway,Tamil,Regular
859,wellington,Chinese,Regular
860,wellington,Chinese,Higher
861,wellington,Malay,Regular
862,wellington,Malay,Higher
863,wellington,Tamil,Regular
864,wellington,Tamil,Higher
865,west-grove,Chinese,Regular
866,west-grove,Malay,Regular
867,west-grove,Tamil,Regular
868,west-spring,Chinese,Regular
869,west-spring,Chinese,Higher
870,west-spring,Malay,Regular
871,west-spring,Malay,Higher
872,west-spring,Tamil,Regular
873,west-spring,Tamil,Higher
874,west-view,Chinese,Regular
875,west-view,Chinese,Higher
876,west-view,Malay,Regular
877,west-view,Malay,Higher
878,west-view,Tamil,Regular
879,west-view,Tamil,Higher
880,westwood,Chinese,Regular
881,westwood,Malay,Regular
882,westwood,Tamil,Regular
883,white-sands,Chinese,Regular
884,white-sands,Chinese,Higher
885,white-sands,Malay,Regular
886,white-sands,Malay,Higher
887,white-sands,Tamil,Regular
888,white-sands,Tamil,Higher
889,woodgrove,Chinese,Regular
890,woodgrove,Chinese,Higher
891,woodgrove,Malay,Regular
892,woodgrove,Malay,Higher
893,woodgrove,Tamil,Regular
894,woodgrove,Tamil,Higher
895,woodlands,Chinese,Regular
896,woodlands,Chinese,Higher
897,woodlands,Malay,Regular
898,woodlands,Malay,Higher
899,woodlands,Tamil,Regular
900,woodlands,Tamil,Higher
901,woodlands-ring,Chinese,Regular
902,woodlands-ring,Chinese,Higher
903,woodlands-ring,Malay,Regular
904,woodlands-ring,Malay,Higher
905,woodlands-ring,Tamil,Regular
906,woodlands-ring,Tamil,Higher
907,xinghua,Chinese,Regular
908,xinghua,Chinese,Higher
909,xinghua,Malay,Regular
910,xinghua,Malay,Higher
911,xinghua,Tamil,Regular
912,xinghua,Tamil,Higher
913,xingnan,Chinese,Regular
914,xingnan,Chinese,Higher
915,xingnan,Malay,Regular
916,xingnan,Malay,Higher
917,xingnan,Tamil,Regular
918,xingnan,Tamil,Higher
919,xinmin,Chinese,Regular
920,xinmin,Malay,Regular
921,xinmin,Tamil,Regular
922,xinmin,Tamil,Higher
923,xishan,Chinese,Regular
924,xishan,Chinese,Higher
925,xishan,Malay,Regular
926,xishan,Malay,Higher
927,xishan,Tamil,Regular
928,xishan,Tamil,Higher
929,yangzheng,Chinese,Regular
930,yangzheng,Chinese,Higher
931,yangzheng,Malay,Regular
932,yangzheng,Malay,Higher
933,yangzheng,Tamil,Regular
934,yangzheng,Tamil,Higher
935,yew-tee,Chinese,Regular
936,yew-tee,Chinese,Higher
937,yew-tee,Malay,Regular
938,yew-tee,Malay,Higher
939,yew-tee,Tamil,Regular
940,yew-tee,Tamil,Higher
941,yio-chu-kang,Chinese,Regular
942,yio-chu-kang,Chinese,Higher
943,yio-chu-kang,Malay,Regular
944,yio-chu-kang,Malay,Higher
945,yio-chu-kang,Tamil,Regular
946,yio-chu-kang,Tamil,Higher
947,yishun,Chinese,Regular
948,yishun,Chinese,Higher
949,yishun,Malay,Regular
950,yishun,Malay,Higher
951,yishun,Tamil,Regular
952,yishun,Tamil,Higher
953,yu-neng,Chinese,Regular
954,yu-neng,Chinese,Higher
955,yu-neng,Malay,Regular
956,yu-neng,Tamil,Regular
957,yuhua,Chinese,Regular
958,yuhua,Chinese,Higher
959,yuhua,Malay,Regular
960,yuhua,Malay,Higher
961,yuhua,Tamil,Regular
962,yuhua,Tamil,Higher
963,yumin,Chinese,Regular
964,yumin,Chinese,Higher
965,yumin,Malay,Regular
966,yumin,Malay,Higher
967,yumin,Tamil,Regular
968,zhangde,Chinese,Regular
969,zhangde,Malay,Regular
970,zhangde,Malay,Higher
971,zhangde,Tamil,Regular
972,zhangde,Tamil,Higher
973,zhenghua,Chinese,Regular
974,zhenghua,Chinese,Higher
975,zhenghua,Malay,Regular
976,zhenghua,Malay,Higher
977,zhenghua,Tamil,Regular
978,zhenghua,Tamil,Higher
979,zhonghua,Chinese,Regular
980,zhonghua,Chinese,Higher
981,zhonghua,Malay,Regular
982,zhonghua,Malay,Higher
983,zhonghua,Tamil,Regular
984,zhonghua,Tamil,Higher