index,school_id,name,logo_url,area,address,postal_code,website,parent_volunteer,type_sap,type_boys-only,type_girls-only,type_gep,affiliations,logo_url2,moe_url
0,admiralty,Admiralty Primary School,https://sgschooling.com/img/logo/admiralty.jpg,Woodlands,11 Woodlands Circle S738907,738907,https://admiraltypri.moe.edu.sg/,,false,false,false,false,,Admiralty Primary School.jpg,https://www.moe.gov.sg/schoolfinder/schooldetail?schoolname=admiralty-primary-school
1,ahmad-ibrahim,Ahmad Ibrahim Primary School,https://sgschooling.com/img/logo/ahmad-ibrahim.jpg,Yishun,10 Yishun Street 11 S768643,768643,http://www.ahmadibrahimpri.moe.edu.sg,,false,false,false,false,,Ahmad Ibrahim Primary School.jpg,https://www.moe.gov.sg/schoolfinder/schooldetail?schoolname=ahmad-ibrahim-primary-school
2,ai-tong,Ai Tong School,https://sgschooling.com/img/logo/ai-tong.jpg,Bishan,100 Bright Hill Drive S579646,579646,http://www.aitong.moe.edu.sg,"Singapore Hokkein Huay Kuan, 2y membership, 80h ",true,false,false,false,,Ai Tong School.jpg,https://www.moe.gov.sg/schoolfinder/schooldetail?schoolname=ai-tong-school
3,alexandra,Alexandra Primary School,https://sgschooling.com/img/logo/alexandra.jpg,Bukit Merah,2A Prince Charles Crescent S159016,159016,http://alexandrapri.moe.edu.sg,,false,false,false,false,,Alexandra Primary School.jpg,https://www.moe.gov.sg/schoolfinder/schooldetail?schoolname=alexandra-primary-school
4,anchor-green,Anchor Green Primary School,https://sgschooling.com/img/logo/anchor-green.jpg,Sengkang,31 Anchorvale Drive S544969,544969,http://www.anchorgreenpri.moe.edu.sg,,false,false,false,false,,Anchor Green Primary School.jpg,https://www.moe.gov.sg/schoolfinder/schooldetail?schoolname=anchor-green-primary-school
5,anderson,Anderson Primary School,https://sgschooling.com/img/logo/anderson.jpg,Ang Mo Kio,19 Ang Mo Kio Ave 9 S569785,569785,http://www.andersonpri.moe.edu.sg,"40h, apply in Feb-May",false,false,false,false,,Anderson Primary School.jpg,https://www.moe.gov.sg/schoolfinder/schooldetail?schoolname=anderson-primary-school
6,ang-mo-kio,Ang Mo Kio Primary School,https://sgschooling.com/img/logo/ang-mo-kio.jpg,Ang Mo Kio,20 Ang Mo Kio Avenue 3 S569920,569920,http://www.angmokiopri.moe.edu.sg,,false,false,false,false,,Ang Mo Kio Primary School.jpg,https://www.moe.gov.sg/schoolfinder/schooldetail?schoolname=ang-mo-kio-primary-school
7,anglo-chinese-junior,Anglo-Chinese School (Junior),https://sgschooling.com/img/logo/anglo-chinese-junior.jpg,Central,16 Winstedt Road S227988,227988,http://www.acsj.moe.edu.sg,,false,true,false,false,"Anglo-Chinese School (Barker Road), Anglo-Chinese School (Independent)",Anglo-Chinese School (Junior).jpg,https://www.moe.gov.sg/schoolfinder/schooldetail?schoolname=anglochinese-school-junior
180,anglo-chinese-primary,Anglo-Chinese School (Primary),https://sgschooling.com/img/logo/anglo-chinese-primary.jpg,Novena,50 Barker Road S309918,309918,http://www.acspri.moe.edu.sg/,,false,true,false,true,"Anglo-Chinese School (Barker Road), Anglo-Chinese School (Independent)",Anglo-Chinese School (Primary).jpg,https://www.moe.gov.sg/schoolfinder/schooldetail?schoolname=anglochinese-school-primary
8,angsana,Angsana Primary School,https://sgschooling.com/img/logo/angsana.jpg,Tampines,51 Tampines Street 61 S528565,528565,https://angsanapri.moe.edu.sg/,,false,false,false,false,,Angsana Primary School.jpg,https://www.moe.gov.sg/schoolfinder/schooldetail?schoolname=angsana-primary-school
9,beacon,Beacon Primary School,https://sgschooling.com/img/logo/beacon.jpg,Bukit Panjang,36 Bukit Panjang Ring Road S679944,679944,https://beaconpri.moe.edu.sg/,,false,false,false,false,,Beacon Primary School.jpg,https://www.moe.gov.sg/schoolfinder/schooldetail?schoolname=beacon-primary-school
10,bedok-green,Bedok Green Primary School,https://sgschooling.com/img/logo/bedok-green.jpg,Bedok,1 Bedok South Ave 2 S469317,469317,http://www.bedokgreenpri.moe.edu.sg,,false,false,false,false,,Bedok Green Primary School.jpg,https://www.moe.gov.sg/schoolfinder/schooldetail?schoolname=bedok-green-primary-school
11,bendemeer,Bendemeer Primary School,https://sgschooling.com/img/logo/bendemeer.jpg,Kallang,91 Bendemeer Road S339948,339948,http://www.bendemeerpri.moe.edu.sg/,,false,false,false,false,,Bendemeer Primary School.jpg,https://www.moe.gov.sg/schoolfinder/schooldetail?schoolname=bendemeer-primary-school
12,blangah-rise,Blangah Rise Primary School,https://sgschooling.com/img/logo/blangah-rise.jpg,Bukit Merah,91 Telok Blangah Heights S109100,109100,http://www.blangahrisepri.moe.edu.sg/,,false,false,false,false,,Blangah Rise Primary School.jpg,https://www.moe.gov.sg/schoolfinder/schooldetail?schoolname=blangah-rise-primary-school
13,boon-lay-garden,Boon Lay Garden Primary School,https://sgschooling.com/img/logo/boon-lay-garden.jpg,Jurong West,20 Boon Lay Drive S649930,649930,http://www.boonlaygardenpri.moe.edu.sg,,false,false,false,false,,Boon Lay Garden Primary School.jpg,https://www.moe.gov.sg/schoolfinder/schooldetail?schoolname=boon-lay-garden-primary-school
14,bukit-panjang,Bukit Panjang Primary School,https://sgschooling.com/img/logo/bukit-panjang.jpg,Bukit Panjang,109 Cashew Road S679676,679676,http://www.bukitpanjangpri.moe.edu.sg,,false,false,false,false,,Bukit Panjang Primary School.jpg,https://www.moe.gov.sg/schoolfinder/schooldetail?schoolname=bukit-panjang-primary-school
15,bukit-timah,Bukit Timah Primary School,https://sgschooling.com/img/logo/bukit-timah.jpg,Bukit Timah,111 Lorong Kismis S598112,598112,http://www.bukittimahpri.moe.edu.sg,,false,false,false,false,,Bukit Timah Primary School.jpg,https://www.moe.gov.sg/schoolfinder/schooldetail?schoolname=bukit-timah-primary-school
16,bukit-view,Bukit View Primary School,https://sgschooling.com/img/logo/bukit-view.jpg,Bukit Batok,18 Bukit Batok Street 21 S659634,659634,http://www.bukitviewpri.moe.edu.sg,,false,false,false,false,,Bukit View Primary School.jpg,https://www.moe.gov.sg/schoolfinder/schooldetail?schoolname=bukit-view-primary-school
17,canberra,Canberra Primary School,https://sgschooling.com/img/logo/canberra.jpg,Sembawang,21 Admiralty Drive S757714,757714,http://www.canberrapri.moe.edu.sg,,false,false,false,false,,Canberra Primary School.jpg,https://www.moe.gov.sg/schoolfinder/schooldetail?schoolname=canberra-primary-school
18,canossa-catholic,Canossa Catholic Primary School,https://sgschooling.com/img/logo/canossa-catholic.jpg,Geylang,1 Sallim Road S387621,387621,https://canossacatholicpri.moe.edu.sg/,,false,false,false,false,St. Anthony’s Canossian Secondary School,Canossa Catholic Primary School.jpg,https://www.moe.gov.sg/schoolfinder/schooldetail?schoolname=canossa-catholic-primary-school
19,cantonment,Cantonment Primary School,https://sgschooling.com/img/logo/cantonment.jpg,Bukit Merah,1 Cantonment Close S088256,88256,http://www.cantonmentpri.moe.edu.sg,,false,false,false,false,,Cantonment Primary School.jpg,https://www.moe.gov.sg/schoolfinder/schooldetail?schoolname=cantonment-primary-school
20,casuarina,Casuarina Primary School,https://sgschooling.com/img/logo/casuarina.jpg,Pasir Ris,30 Pasir Ris St 41 S518935,518935,http://www.casuarinapri.moe.edu.sg/,,false,false,false,false,,Casuarina Primary School.jpg,https://www.moe.gov.sg/schoolfinder/schooldetail?schoolname=casuarina-primary-school
33,catholic-high,Catholic High School (Primary Section),https://sgschooling.com/img/logo/catholic-high.jpg,Bishan,9 Bishan Street 22 S579767,579767,http://www.catholichigh.moe.edu.sg,,true,true,false,true,Catholic High School,Catholic High School (Primary Section).jpg,https://www.moe.gov.sg/schoolfinder/schooldetail?schoolname=catholic-high-school-primary-section
21,cedar,Cedar Primary School,https://sgschooling.com/img/logo/cedar.jpg,Toa Payoh,15 Cedar Avenue S349700,349700,http://www.cedarpri.moe.edu.sg,,false,false,false,false,,Cedar Primary School.jpg,https://www.moe.gov.sg/schoolfinder/schooldetail?schoolname=cedar-primary-school
22,changkat,Changkat Primary School,https://sgschooling.com/img/logo/changkat.jpg,Tampines,11 Simei St 3 S529896,529896,http://www.changkatpri.moe.edu.sg/,,false,false,false,false,,Changkat Primary School.jpg,https://www.moe.gov.sg/schoolfinder/schooldetail?schoolname=changkat-primary-school
23,chij-katong,CHIJ (Katong) Primary,https://sgschooling.com/img/logo/chij-katong.jpg,Bedok,17 Martia Road S424821,424821,http://chijkcp.moe.edu.sg/,,false,false,true,false,CHIJ Katong Convent,CHIJ (Katong) Primary.jpg,https://www.moe.gov.sg/schoolfinder/schooldetail?schoolname=chij-katong-primary
24,chij-kellock,CHIJ (Kellock),https://sgschooling.com/img/logo/chij-kellock.jpg,Bukit Merah,1 Bukit Teresa Road S099757,99757,http://www.chijkellock.moe.edu.sg/,,false,false,true,false,CHIJ St. Theresa’s Convent,CHIJ (Kellock).jpg,https://www.moe.gov.sg/schoolfinder/schooldetail?schoolname=chij-kellock
25,chij-our-lady-of-good-counsel,CHIJ Our Lady of Good Counsel,https://sgschooling.com/img/logo/chij-our-lady-of-good-counsel.jpg,Serangoon,2C Burghley Drive S558979,558979,http://www.chijourladyofgoodcounsel.moe.edu.sg,40h,false,false,true,false,CHIJ St. Joseph’s Convent,CHIJ Our Lady of Good Counsel.jpg,https://www.moe.gov.sg/schoolfinder/schooldetail?schoolname=chij-our-lady-of-good-counsel
26,chij-our-lady-of-the-nativity,CHIJ Our Lady of the Nativity,https://sgschooling.com/img/logo/chij-our-lady-of-the-nativity.jpg,Hougang,1257 Upper Serangoon Road S534793,534793,http://www.chijourladyofthenativity.moe.edu.sg/,,false,false,true,false,CHIJ St. Joseph’s Convent,CHIJ Our Lady of the Nativity.jpg,https://www.moe.gov.sg/schoolfinder/schooldetail?schoolname=chij-our-lady-of-the-nativity
27,chij-our-lady-queen-of-peace,CHIJ Our Lady Queen of Peace,https://sgschooling.com/img/logo/chij-our-lady-queen-of-peace.jpg,Bukit Panjang,4 Chestnut Drive S679287,679287,http://www.chijourladyqueenofpeace.moe.edu.sg/,,false,false,true,false,CHIJ St. Theresa’s Convent,CHIJ Our Lady Queen of Peace.jpg,https://www.moe.gov.sg/schoolfinder/schooldetail?schoolname=chij-our-lady-queen-of-peace
32,chij-st-nicholas-girls,CHIJ St. Nicholas Girls' School (Primary Section),https://sgschooling.com/img/logo/chij-st-nicholas-girls.jpg,Ang Mo Kio,501 Ang Mo Kio Street 13 S569405,569405,http://www.chijstnicholasgirls.moe.edu.sg,"40h + 20h after getting a place, apply by Dec",true,false,true,false,CHIJ St. Nicholas Girls’ School,CHIJ St. Nicholas Girls' School (Primary Section).jpg,https://www.moe.gov.sg/schoolfinder/schooldetail?schoolname=chij-st-nicholas-girls-school-primary-section
28,chij-toa-payoh,CHIJ Primary (Toa Payoh),https://sgschooling.com/img/logo/chij-toa-payoh.jpg,Toa Payoh,628 Lorong 1 Toa Payoh S319765,319765,http://www.chijpritoapayoh.moe.edu.sg,"Central Parents Council ",false,false,true,false,CHIJ Secondary (Toa Payoh),CHIJ Primary (Toa Payoh).jpg,https://www.moe.gov.sg/schoolfinder/schooldetail?schoolname=chij-primary-toa-payoh
29,chongfu,Chongfu School,https://sgschooling.com/img/logo/chongfu.jpg,Yishun,170 Yishun Avenue 6 S768959,768959,http://www.chongfu.moe.edu.sg/,🔗,false,false,false,false,,Chongfu School.jpg,https://www.moe.gov.sg/schoolfinder/schooldetail?schoolname=chongfu-school
30,chongzheng,Chongzheng Primary School,https://sgschooling.com/img/logo/chongzheng.jpg,Tampines,1 Tampines Street 21 S529392,529392,http://www.chongzhengpri.moe.edu.sg,,false,false,false,false,,Chongzheng Primary School.jpg,https://www.moe.gov.sg/schoolfinder/schooldetail?schoolname=chongzheng-primary-school
31,chua-chu-kang,Chua Chu Kang Primary School,https://sgschooling.com/img/logo/chua-chu-kang.jpg,Choa Chu Kang,20 Choa Chu Kang Avenue 2 S689905,689905,http://www.chuachukangpri.moe.edu.sg,,false,false,false,false,,Chua Chu Kang Primary School.jpg,https://www.moe.gov.sg/schoolfinder/schooldetail?schoolname=chua-chu-kang-primary-school
34,clementi,Clementi Primary School,https://sgschooling.com/img/logo/clementi.jpg,Clementi,8 Clementi Ave 3 S129903,129903,http://www.clementipri.moe.edu.sg,,false,false,false,false,,Clementi Primary School.jpg,https://www.moe.gov.sg/schoolfinder/schooldetail?schoolname=clementi-primary-school
35,compassvale,Compassvale Primary School,https://sgschooling.com/img/logo/compassvale.jpg,Sengkang,21 Compassvale St S545091,545091,http://www.compassvalepri.moe.edu.sg/,,false,false,false,false,,Compassvale Primary School.jpg,https://www.moe.gov.sg/schoolfinder/schooldetail?schoolname=compassvale-primary-school
36,concord,Concord Primary School,https://sgschooling.com/img/logo/concord.jpg,Choa Chu Kang,3 Choa Chu Kang Ave 4 S689814,689814,http://www.concordpri.moe.edu.sg/,,false,false,false,false,,Concord Primary School.jpg,https://www.moe.gov.sg/schoolfinder/schooldetail?schoolname=concord-primary-school
37,corporation,Corporation Primary School,https://sgschooling.com/img/logo/corporation.jpg,Jurong West,31 Jurong West Street 24 S648347,648347,http://www.corporationpri.moe.edu.sg,,false,false,false,false,,Corporation Primary School.jpg,https://www.moe.gov.sg/schoolfinder/schooldetail?schoolname=corporation-primary-school
38,damai,Damai Primary School,https://sgschooling.com/img/logo/damai.jpg,Bedok,52 Bedok Reservoir Crescent S479226,479226,http://www.damaipri.moe.edu.sg,,false,false,false,false,,Damai Primary School.jpg,https://www.moe.gov.sg/schoolfinder/schooldetail?schoolname=damai-primary-school
39,dazhong,Dazhong Primary School,https://sgschooling.com/img/logo/dazhong.jpg,Bukit Batok,35 Bukit Batok Street 31 S659441,659441,http://www.dazhongpri.moe.edu.sg,,false,false,false,false,,Dazhong Primary School.jpg,https://www.moe.gov.sg/schoolfinder/schooldetail?schoolname=dazhong-primary-school
40,de-la-salle,De La Salle School,https://sgschooling.com/img/logo/de-la-salle.jpg,Choa Chu Kang,11 Choa Chu Kang St 52 S689285,689285,http://www.delasalle.moe.edu.sg,,false,false,false,false,"St. Joseph’s Institution, St. Patrick’s School",De La Salle School.jpg,https://www.moe.gov.sg/schoolfinder/schooldetail?schoolname=de-la-salle-school
41,east-spring,East Spring Primary School,https://sgschooling.com/img/logo/east-spring.jpg,Tampines,31 Tampines St 33 S529258,529258,http://www.eastspringpri.moe.edu.sg,,false,false,false,false,,East Spring Primary School.jpg,https://www.moe.gov.sg/schoolfinder/schooldetail?schoolname=east-spring-primary-school
42,edgefield,Edgefield Primary School,https://sgschooling.com/img/logo/edgefield.jpg,Punggol,41 Edgefield Plains S828869,828869,http://www.edgefieldpri.moe.edu.sg,,false,false,false,false,,Edgefield Primary School.jpg,https://www.moe.gov.sg/schoolfinder/schooldetail?schoolname=edgefield-primary-school
43,elias-park,Elias Park Primary School,https://sgschooling.com/img/logo/elias-park.jpg,Pasir Ris,11 Pasir Ris Street 52 S518866,518866,http://www.eliasparkpri.moe.edu.sg,,false,false,false,false,,Elias Park Primary School.jpg,https://www.moe.gov.sg/schoolfinder/schooldetail?schoolname=elias-park-primary-school
44,endeavour,Endeavour Primary School,https://sgschooling.com/img/logo/endeavour.jpg,Sembawang,10 Admiralty Link S757521,757521,https://endeavourpri.moe.edu.sg/,,false,false,false,false,,Endeavour Primary School.jpg,https://www.moe.gov.sg/schoolfinder/schooldetail?schoolname=endeavour-primary-school
45,eunos,Eunos Primary School,https://sgschooling.com/img/logo/eunos.jpg,Geylang,95 Jalan Eunos S419529,419529,,,false,false,false,false,,,
46,evergreen,Evergreen Primary School,https://sgschooling.com/img/logo/evergreen.jpg,Woodlands,31 Woodlands Circle S738908,738908,http://www.evergreenpri.moe.edu.sg/,,false,false,false,false,,Evergreen Primary School.jpg,https://www.moe.gov.sg/schoolfinder/schooldetail?schoolname=evergreen-primary-school
47,fairfield-methodist,Fairfield Methodist School (Primary),https://sgschooling.com/img/logo/fairfield-methodist.jpg,Queenstown,100 Dover Road S139648,139648,http://www.fmsp.moe.edu.sg/,40h,false,false,false,false,Fairfield Methodist School (Secondary),Fairfield Methodist School (Primary).jpg,https://www.moe.gov.sg/schoolfinder/schooldetail?schoolname=fairfield-methodist-school-primary
48,farrer-park,Farrer Park Primary School,https://sgschooling.com/img/logo/farrer-park.jpg,Kallang,2 Farrer Park Road S217567,217567,http://www.farrerparkpri.moe.edu.sg,,false,false,false,false,,Farrer Park Primary School.jpg,https://www.moe.gov.sg/schoolfinder/schooldetail?schoolname=farrer-park-primary-school
49,fengshan,Fengshan Primary School,https://sgschooling.com/img/logo/fengshan.jpg,Bedok,307 Bedok North Road S469680,469680,http://www.fengshanpri.moe.edu.sg,,false,false,false,false,,Fengshan Primary School.jpg,https://www.moe.gov.sg/schoolfinder/schooldetail?schoolname=fengshan-primary-school
50,fern-green,Fern Green Primary School,https://sgschooling.com/img/logo/fern-green.jpg,Sengkang,70 Fernvale Link S797538,797538,http://www.ferngreenpri.moe.edu.sg,,false,false,false,false,,Fern Green Primary School.jpg,https://www.moe.gov.sg/schoolfinder/schooldetail?schoolname=fern-green-primary-school
51,fernvale,Fernvale Primary School,https://sgschooling.com/img/logo/fernvale.jpg,Sengkang,1 Fernvale Lane S797701,797701,http://www.fernvalepri.moe.edu.sg,,false,false,false,false,,Fernvale Primary School.jpg,https://www.moe.gov.sg/schoolfinder/schooldetail?schoolname=fernvale-primary-school
52,first-toa-payoh,First Toa Payoh Primary School,https://sgschooling.com/img/logo/first-toa-payoh.jpg,Toa Payoh,7 Lorong 8 Toa Payoh S319252,319252,http://www.firsttoapayohpri.moe.edu.sg,,false,false,false,false,,First Toa Payoh Primary School.jpg,https://www.moe.gov.sg/schoolfinder/schooldetail?schoolname=first-toa-payoh-primary-school
53,frontier,Frontier Primary School,https://sgschooling.com/img/logo/frontier.jpg,Jurong West,20 Jurong West Street 61 S648200,648200,http://www.frontierpri.moe.edu.sg,"40h, apply in Jan-Apr",false,false,false,false,,Frontier Primary School.jpg,https://www.moe.gov.sg/schoolfinder/schooldetail?schoolname=frontier-primary-school
54,fuchun,Fuchun Primary School,https://sgschooling.com/img/logo/fuchun.jpg,Woodlands,23 Woodlands Avenue 1 S739063,739063,http://www.fuchunpri.moe.edu.sg,,false,false,false,false,,Fuchun Primary School.jpg,https://www.moe.gov.sg/schoolfinder/schooldetail?schoolname=fuchun-primary-school
55,fuhua,Fuhua Primary School,https://sgschooling.com/img/logo/fuhua.jpg,Jurong East,65 Jurong East Street 13 S609647,609647,http://www.fuhuapri.moe.edu.sg,,false,false,false,false,,Fuhua Primary School.jpg,https://www.moe.gov.sg/schoolfinder/schooldetail?schoolname=fuhua-primary-school
56,gan-eng-seng,Gan Eng Seng Primary School,https://sgschooling.com/img/logo/gan-eng-seng.jpg,Bukit Merah,100 Redhill Close S158901,158901,http://www.ganengsengpri.moe.edu.sg,,false,false,false,false,,Gan Eng Seng Primary School.jpg,https://www.moe.gov.sg/schoolfinder/schooldetail?schoolname=gan-eng-seng-primary-school
57,geylang-methodist,Geylang Methodist School (Primary),https://sgschooling.com/img/logo/geylang-methodist.jpg,Geylang,4 Geylang East Central S389706,389706,http://www.geylangmethodistpri.moe.edu.sg,,false,false,false,false,Geylang Methodist School (Secondary),Geylang Methodist School (Primary).jpg,https://www.moe.gov.sg/schoolfinder/schooldetail?schoolname=geylang-methodist-school-primary
58,gongshang,Gongshang Primary School,https://sgschooling.com/img/logo/gongshang.jpg,Tampines,1 Tampines Street 42 S529176,529176,http://www.gongshangpri.moe.edu.sg,40h,false,false,false,false,,Gongshang Primary School.jpg,https://www.moe.gov.sg/schoolfinder/schooldetail?schoolname=gongshang-primary-school
59,greendale,Greendale Primary School,https://sgschooling.com/img/logo/greendale.jpg,Punggol,50 Edgedale Plains S828848,828848,http://www.greendalepri.moe.edu.sg,,false,false,false,false,,Greendale Primary School.jpg,https://www.moe.gov.sg/schoolfinder/schooldetail?schoolname=greendale-primary-school
60,greenridge,Greenridge Primary School,https://sgschooling.com/img/logo/greenridge.jpg,Bukit Panjang,11 Jelapang Road S677744,677744,http://www.greenridgepri.moe.edu.sg,,false,false,false,false,,Greenridge Primary School.jpg,https://www.moe.gov.sg/schoolfinder/schooldetail?schoolname=greenridge-primary-school
61,greenwood,Greenwood Primary School,https://sgschooling.com/img/logo/greenwood.jpg,Woodlands,11 Woodlands  Dr  62 S737942,737942,http://www.greenwoodpri.moe.edu.sg,,false,false,false,false,,Greenwood Primary School.jpg,https://www.moe.gov.sg/schoolfinder/schooldetail?schoolname=greenwood-primary-school
62,guangyang,Guangyang Primary School,https://sgschooling.com/img/logo/guangyang.jpg,Bishan,6 Bishan Street 12 S579806,579806,,,false,false,false,false,,,
63,haig-girls,Haig Girls' School,https://sgschooling.com/img/logo/haig-girls.jpg,Geylang,51 Koon Seng Road S427072,427072,http://www.haiggirls.moe.edu.sg,,false,false,true,false,,Haig Girls' School.jpg,https://www.moe.gov.sg/schoolfinder/schooldetail?schoolname=haig-girls-school
181,henry-park,Henry Park Primary School,https://sgschooling.com/img/logo/henry-park.jpg,Bukit Timah,1 Holland Grove Road S278790,278790,http://www.henryparkpri.moe.edu.sg,"40h, apply in Nov",false,false,false,true,,Henry Park Primary School.jpg,https://www.moe.gov.sg/schoolfinder/schooldetail?schoolname=henry-park-primary-school
64,holy-innocents,Holy Innocents' Primary School,https://sgschooling.com/img/logo/holy-innocents.jpg,Hougang,5 Lorong Low Koon S536451,536451,http://www.holyinnocentspri.moe.edu.sg/,40h,true,false,false,false,Holy Innocents’ High School,Holy Innocents' Primary School.jpg,https://www.moe.gov.sg/schoolfinder/schooldetail?schoolname=holy-innocents-primary-school
65,hong-wen,Hong Wen School,https://sgschooling.com/img/logo/hong-wen.jpg,Kallang,30 Towner Road S327829,327829,http://www.hongwen.moe.edu.sg,40h,true,false,false,false,,Hong Wen School.jpg,https://www.moe.gov.sg/schoolfinder/schooldetail?schoolname=hong-wen-school
66,horizon,Horizon Primary School,https://sgschooling.com/img/logo/horizon.jpg,Punggol,61 Edgedale Plains S828819,828819,http://www.horizonpri.moe.edu.sg,,false,false,false,false,,Horizon Primary School.jpg,https://www.moe.gov.sg/schoolfinder/schooldetail?schoolname=horizon-primary-school
67,hougang,Hougang Primary School,https://sgschooling.com/img/logo/hougang.jpg,Hougang,1 Hougang St 93 S534238,534238,http://www.hougangpri.moe.edu.sg/,,false,false,false,false,,Hougang Primary School.jpg,https://www.moe.gov.sg/schoolfinder/schooldetail?schoolname=hougang-primary-school
68,huamin,Huamin Primary School,https://sgschooling.com/img/logo/huamin.jpg,Yishun,21 Yishun Avenue 11 S768857,768857,http://www.huaminpri.moe.edu.sg,,false,false,false,false,,Huamin Primary School.jpg,https://www.moe.gov.sg/schoolfinder/schooldetail?schoolname=huamin-primary-school
69,innova,Innova Primary School,https://sgschooling.com/img/logo/innova.jpg,Woodlands,80 Woodlands Drive 17 S737888,737888,http://www.innovapri.moe.edu.sg/,,false,false,false,false,,Innova Primary School.jpg,https://www.moe.gov.sg/schoolfinder/schooldetail?schoolname=innova-primary-school
70,jiemin,Jiemin Primary School,https://sgschooling.com/img/logo/jiemin.jpg,Yishun,2 Yishun Street 71 S768515,768515,http://www.jieminpri.moe.edu.sg,,false,false,false,false,,Jiemin Primary School.jpg,https://www.moe.gov.sg/schoolfinder/schooldetail?schoolname=jiemin-primary-school
71,jing-shan,Jing Shan Primary School,https://sgschooling.com/img/logo/jing-shan.jpg,Ang Mo Kio,5 Ang Mo Kio St 52 S569228,569228,http://www.jingshanpri.moe.edu.sg,,false,false,false,false,,Jing Shan Primary School.jpg,https://www.moe.gov.sg/schoolfinder/schooldetail?schoolname=jing-shan-primary-school
72,junyuan,Junyuan Primary School,https://sgschooling.com/img/logo/junyuan.jpg,Tampines,2 Tampines Street 91 S528906,528906,https://junyuanpri.moe.edu.sg,,false,false,false,false,,Junyuan Primary School.jpg,https://www.moe.gov.sg/schoolfinder/schooldetail?schoolname=junyuan-primary-school
73,jurong,Jurong Primary School,https://sgschooling.com/img/logo/jurong.jpg,Jurong East,320 Jurong East Street 32 S609476,609476,http://www.jurongpri.moe.edu.sg,,false,false,false,false,,Jurong Primary School.jpg,https://www.moe.gov.sg/schoolfinder/schooldetail?schoolname=jurong-primary-school
74,jurong-west,Jurong West Primary School,https://sgschooling.com/img/logo/jurong-west.jpg,Jurong West,30 Jurong West St 61 S648368,648368,http://www.jurongwestpri.moe.edu.sg,,false,false,false,false,,Jurong West Primary School.jpg,https://www.moe.gov.sg/schoolfinder/schooldetail?schoolname=jurong-west-primary-school
75,juying,Juying Primary School,https://sgschooling.com/img/logo/juying.jpg,Jurong West,31 Jurong West Street 91 S649037,649037,,,false,false,false,false,,,
76,keming,Keming Primary School,https://sgschooling.com/img/logo/keming.jpg,Bukit Batok,90 Bukit Batok East Avenue 6 S659762,659762,http://www.kemingpri.moe.edu.sg,,false,false,false,false,,Keming Primary School.jpg,https://www.moe.gov.sg/schoolfinder/schooldetail?schoolname=keming-primary-school
77,kheng-cheng,Kheng Cheng School,https://sgschooling.com/img/logo/kheng-cheng.jpg,Toa Payoh,15 Lorong 3 Toa Payoh S319580,319580,http://www.khengcheng.moe.edu.sg/,,false,false,false,false,,Kheng Cheng School.jpg,https://www.moe.gov.sg/schoolfinder/schooldetail?schoolname=kheng-cheng-school
78,kong-hwa,Kong Hwa School,https://sgschooling.com/img/logo/kong-hwa.jpg,Geylang,350 Guillemard Road S399772,399772,http://www.konghwa.moe.edu.sg,"Singapore Hokkein Huay Kuan, 2y membership, 80h ",true,false,false,false,,Kong Hwa School.jpg,https://www.moe.gov.sg/schoolfinder/schooldetail?schoolname=kong-hwa-school
79,kranji,Kranji Primary School,https://sgschooling.com/img/logo/kranji.jpg,Choa Chu Kang,11 Choa Chu Kang Street 54 S689189,689189,http://kranjipri.moe.edu.sg,,false,false,false,false,,Kranji Primary School.jpg,https://www.moe.gov.sg/schoolfinder/schooldetail?schoolname=kranji-primary-school
80,kuo-chuan-presbyterian,Kuo Chuan Presbyterian Primary School,https://sgschooling.com/img/logo/kuo-chuan-presbyterian.jpg,Bishan,8 Bishan Street 13 S579793,579793,http://www.kuochuanpresbyterianpri.moe.edu.sg,,false,false,false,false,Kuo Chuan Presbyterian Secondary School,Kuo Chuan Presbyterian Primary School.jpg,https://www.moe.gov.sg/schoolfinder/schooldetail?schoolname=kuo-chuan-presbyterian-primary-school
81,lakeside,Lakeside Primary School,https://sgschooling.com/img/logo/lakeside.jpg,Jurong West,161 Corporation Walk S618310,618310,http://www.lakesidepri.moe.edu.sg/,,false,false,false,false,,Lakeside Primary School.jpg,https://www.moe.gov.sg/schoolfinder/schooldetail?schoolname=lakeside-primary-school
82,lianhua,Lianhua Primary School,https://sgschooling.com/img/logo/lianhua.jpg,Bukit Batok,2 Bukit Batok Street 52 S659243,659243,http://www.lianhuapri.moe.edu.sg/,,false,false,false,false,,Lianhua Primary School.jpg,https://www.moe.gov.sg/schoolfinder/schooldetail?schoolname=lianhua-primary-school
83,maha-bodhi,Maha Bodhi School,https://sgschooling.com/img/logo/maha-bodhi.jpg,Geylang,10 Ubi Avenue 1 S408931,408931,http://www.mahabodhi.moe.edu.sg/,,true,false,false,false,Manjusri Secondary School,Maha Bodhi School.jpg,https://www.moe.gov.sg/schoolfinder/schooldetail?schoolname=maha-bodhi-school
105,maris-stella-high,Maris Stella High School (Primary Section),https://sgschooling.com/img/logo/maris-stella-high.jpg,Toa Payoh,25 Mount Vernon Road S368051,368051,http://www.marisstellahigh.moe.edu.sg,,true,true,false,false,Maris Stella High School,Maris Stella High School (Primary Section).jpg,https://www.moe.gov.sg/schoolfinder/schooldetail?schoolname=maris-stella-high-school-primary-section
84,marsiling,Marsiling Primary School,https://sgschooling.com/img/logo/marsiling.jpg,Woodlands,31 Woodlands Centre Road S738927,738927,http://www.marsilingpri.moe.edu.sg,,false,false,false,false,,Marsiling Primary School.jpg,https://www.moe.gov.sg/schoolfinder/schooldetail?schoolname=marsiling-primary-school
85,marymount-convent,Marymount Convent School,https://sgschooling.com/img/logo/marymount-convent.jpg,Toa Payoh,20 Marymount Road S297754,297754,http://www.marymountconvent.moe.edu.sg,,false,false,true,false,,Marymount Convent School.jpg,https://www.moe.gov.sg/schoolfinder/schooldetail?schoolname=marymount-convent-school
86,mayflower,Mayflower Primary School,https://sgschooling.com/img/logo/mayflower.jpg,Ang Mo Kio,200 Ang Mo Kio Avenue 5 S569878,569878,http://www.mayflowerpri.moe.edu.sg,,false,false,false,false,,Mayflower Primary School.jpg,https://www.moe.gov.sg/schoolfinder/schooldetail?schoolname=mayflower-primary-school
87,mee-toh,Mee Toh School,https://sgschooling.com/img/logo/mee-toh.jpg,Punggol,21 Edgedale Plains S828867,828867,http://www.meetoh.moe.edu.sg/,"60h, apply in Jul, drop in box at Main Gate during the 3 days! ",false,false,false,false,Manjusri Secondary School,Mee Toh School.jpg,https://www.moe.gov.sg/schoolfinder/schooldetail?schoolname=mee-toh-school
88,meridian,Meridian Primary School,https://sgschooling.com/img/logo/meridian.jpg,Pasir Ris,20 Pasir Ris St 71 S518798,518798,http://www.meridianpri.moe.edu.sg/,,false,false,false,false,,Meridian Primary School.jpg,https://www.moe.gov.sg/schoolfinder/schooldetail?schoolname=meridian-primary-school
89,methodist-girls,Methodist Girls' School (Primary),https://sgschooling.com/img/logo/methodist-girls.jpg,Bukit Timah,11 Blackmore Drive S599986,599986,https://www.mgs.moe.edu.sg/,"40h, apply in Apr",false,false,true,false,Methodist Girls’ School,Methodist Girls' School (Primary).jpg,https://www.moe.gov.sg/schoolfinder/schooldetail?schoolname=methodist-girls-school-primary
90,montfort-junior,Montfort Junior School,https://sgschooling.com/img/logo/montfort-junior.jpg,Hougang,52 Hougang Avenue 8 S538786,538786,http://www.montfortjunior.moe.edu.sg/,,false,true,false,false,Montfort Secondary School,Montfort Junior School.jpg,https://www.moe.gov.sg/schoolfinder/schooldetail?schoolname=montfort-junior-school
91,nan-chiau,Nan Chiau Primary School,https://sgschooling.com/img/logo/nan-chiau.jpg,Sengkang,50 Anchorvale Link S545080,545080,http://www.ncps.moe.edu.sg,"Singapore Hokkein Huay Kuan, 2y membership, 80h ",false,false,false,false,,Nan Chiau Primary School.jpg,https://www.moe.gov.sg/schoolfinder/schooldetail?schoolname=nan-chiau-primary-school
182,nan-hua,Nan Hua Primary School,https://sgschooling.com/img/logo/nan-hua.jpg,Clementi,30 Jalan Lempeng S128806,128806,http://www.nanhuapri.moe.edu.sg,"40h, requires interview, apply in Mar",true,false,false,true,,Nan Hua Primary School.jpg,https://www.moe.gov.sg/schoolfinder/schooldetail?schoolname=nan-hua-primary-school
104,nanyang,Nanyang Primary School,https://sgschooling.com/img/logo/nanyang.jpg,Bukit Timah,52 King’s Road S268097,268097,http://www.nyps.moe.edu.sg,"80h, requires CV & interview",true,false,false,true,Nanyang Girls’ High School,Nanyang Primary School.jpg,https://www.moe.gov.sg/schoolfinder/schooldetail?schoolname=nanyang-primary-school
92,naval-base,Naval Base Primary School,https://sgschooling.com/img/logo/naval-base.jpg,Yishun,7 Yishun Ave 4 S769028,769028,http://www.navalbasepri.moe.edu.sg/,,false,false,false,false,,Naval Base Primary School.jpg,https://www.moe.gov.sg/schoolfinder/schooldetail?schoolname=naval-base-primary-school
93,new-town,New Town Primary School,https://sgschooling.com/img/logo/new-town.jpg,Queenstown,300 Tanglin Halt Road S148812,148812,http://www.newtownpri.moe.edu.sg/,,false,false,false,false,,New Town Primary School.jpg,https://www.moe.gov.sg/schoolfinder/schooldetail?schoolname=new-town-primary-school
94,ngee-ann,Ngee Ann Primary School,https://sgschooling.com/img/logo/ngee-ann.jpg,Marine Parade,344 Marine Terrace S449149,449149,http://www.ngeeannpri.moe.edu.sg,,false,false,false,false,Ngee Ann Secondary School,Ngee Ann Primary School.jpg,https://www.moe.gov.sg/schoolfinder/schooldetail?schoolname=ngee-ann-primary-school
95,north-spring,North Spring Primary School,https://sgschooling.com/img/logo/north-spring.jpg,Sengkang,1 Rivervale Street S545088,545088,http://www.northspringpri.moe.edu.sg,,false,false,false,false,,North Spring Primary School.jpg,https://www.moe.gov.sg/schoolfinder/schooldetail?schoolname=north-spring-primary-school
96,north-view,North View Primary School,https://sgschooling.com/img/logo/north-view.jpg,Yishun,210 Yishun Avenue 6 S768960,768960,http://www.northviewpri.moe.edu.sg,,false,false,false,false,,North View Primary School.jpg,https://www.moe.gov.sg/schoolfinder/schooldetail?schoolname=north-view-primary-school
97,north-vista,North Vista Primary School,https://sgschooling.com/img/logo/north-vista.jpg,Sengkang,20 Compassvale Link S544974,544974,http://www.northvistapri.moe.edu.sg,,false,false,false,false,,North Vista Primary School.jpg,https://www.moe.gov.sg/schoolfinder/schooldetail?schoolname=north-vista-primary-school
98,northland,Northland Primary School,https://sgschooling.com/img/logo/northland.jpg,Yishun,15 Yishun Avenue 4 S769026,769026,http://www.northlandpri.moe.edu.sg,"70h, apply in Mar",false,false,false,false,,Northland Primary School.jpg,https://www.moe.gov.sg/schoolfinder/schooldetail?schoolname=northland-primary-school
99,northoaks,Northoaks Primary School,https://sgschooling.com/img/logo/northoaks.jpg,Sembawang,61 Sembawang Drive S757622,757622,http://www.northoakspri.moe.edu.sg,,false,false,false,false,,Northoaks Primary School.jpg,https://www.moe.gov.sg/schoolfinder/schooldetail?schoolname=northoaks-primary-school
179,northshore,Northshore Primary School,https://sgschooling.com/img/logo/northshore.jpg,Punggol,30 Northshore Drive S828671,828671,https://northshorepri.moe.edu.sg/,,false,false,false,false,,Northshore Primary School.jpg,https://www.moe.gov.sg/schoolfinder/schooldetail?schoolname=northshore-primary-school
100,oasis,Oasis Primary School,https://sgschooling.com/img/logo/oasis.jpg,Punggol,71 Edgefield Plains S828716,828716,http://www.oasispri.moe.edu.sg/,,false,false,false,false,,Oasis Primary School.jpg,https://www.moe.gov.sg/schoolfinder/schooldetail?schoolname=oasis-primary-school
101,opera-estate,Opera Estate Primary School,https://sgschooling.com/img/logo/opera-estate.jpg,Bedok,48 Fidelio Street S458436,458436,http://www.operaestatepri.moe.edu.sg,,false,false,false,false,,Opera Estate Primary School.jpg,https://www.moe.gov.sg/schoolfinder/schooldetail?schoolname=opera-estate-primary-school
102,palm-view,Palm View Primary School,https://sgschooling.com/img/logo/palm-view.jpg,Sengkang,150 Compassvale Bow S544822,544822,http://www.palmviewpri.moe.edu.sg,,false,false,false,false,,Palm View Primary School.jpg,https://www.moe.gov.sg/schoolfinder/schooldetail?schoolname=palm-view-primary-school
103,park-view,Park View Primary School,https://sgschooling.com/img/logo/park-view.jpg,Pasir Ris,60 Pasir Ris Drive 1 S519524,519524,http://www.parkviewpri.moe.edu.sg,,false,false,false,false,,Park View Primary School.jpg,https://www.moe.gov.sg/schoolfinder/schooldetail?schoolname=park-view-primary-school
106,pasir-ris,Pasir Ris Primary School,https://sgschooling.com/img/logo/pasir-ris.jpg,Pasir Ris,5 Pasir Ris Street 21 S518968,518968,http://www.pasirrispri.moe.edu.sg,40h,false,false,false,false,,Pasir Ris Primary School.jpg,https://www.moe.gov.sg/schoolfinder/schooldetail?schoolname=pasir-ris-primary-school
107,paya-lebar-methodist-girls,Paya Lebar Methodist Girls' School (Primary),https://sgschooling.com/img/logo/paya-lebar-methodist-girls.jpg,Hougang,298 Lorong Ah Soo S536741,536741,http://www.payalebarmethodistgirlspri.moe.edu.sg/,,false,false,true,false,Paya Lebar Methodist Girls’ School (Secondary),Paya Lebar Methodist Girls' School (Primary).jpg,https://www.moe.gov.sg/schoolfinder/schooldetail?schoolname=paya-lebar-methodist-girls-school-primary
108,pei-chun-public,Pei Chun Public School,https://sgschooling.com/img/logo/pei-chun-public.jpg,Toa Payoh,16 Lorong 7 Toa Payoh S319320,319320,http://www.peichunpublic.moe.edu.sg,,true,false,false,false,,Pei Chun Public School.jpg,https://www.moe.gov.sg/schoolfinder/schooldetail?schoolname=pei-chun-public-school
109,pei-hwa-presbyterian,Pei Hwa Presbyterian Primary School,https://sgschooling.com/img/logo/pei-hwa-presbyterian.jpg,Bukit Timah,7 Pei Wah Avenue S597610,597610,http://www.peihwapresbyterianpri.moe.edu.sg/,40h,true,false,false,false,,Pei Hwa Presbyterian Primary School.jpg,https://www.moe.gov.sg/schoolfinder/schooldetail?schoolname=pei-hwa-presbyterian-primary-school
110,pei-tong,Pei Tong Primary School,https://sgschooling.com/img/logo/pei-tong.jpg,Clementi,15 Clementi Avenue 5 S129857,129857,http://www.peitongpri.moe.edu.sg/,,false,false,false,false,,Pei Tong Primary School.jpg,https://www.moe.gov.sg/schoolfinder/schooldetail?schoolname=pei-tong-primary-school
111,peiying,Peiying Primary School,https://sgschooling.com/img/logo/peiying.jpg,Yishun,651 Yishun Ring Road S768687,768687,http://www.peiyingpri.moe.edu.sg,,false,false,false,false,,Peiying Primary School.jpg,https://www.moe.gov.sg/schoolfinder/schooldetail?schoolname=peiying-primary-school
112,pioneer,Pioneer Primary School,https://sgschooling.com/img/logo/pioneer.jpg,Jurong West,31 Jurong West Street 91 S649037,649037,http://www.pioneerpri.moe.edu.sg,,false,false,false,false,,Pioneer Primary School.jpg,https://www.moe.gov.sg/schoolfinder/schooldetail?schoolname=pioneer-primary-school
113,poi-ching,Poi Ching School,https://sgschooling.com/img/logo/poi-ching.jpg,Tampines,21 Tampines Street 71 S529067,529067,http://www.poiching.moe.edu.sg,40h,true,false,false,false,,Poi Ching School.jpg,https://www.moe.gov.sg/schoolfinder/schooldetail?schoolname=poi-ching-school
114,princess-elizabeth,Princess Elizabeth Primary School,https://sgschooling.com/img/logo/princess-elizabeth.jpg,Bukit Batok,30 Bukit Batok West Avenue 3 S659163,659163,http://www.princesselizabethpri.moe.edu.sg,,false,false,false,false,,Princess Elizabeth Primary School.jpg,https://www.moe.gov.sg/schoolfinder/schooldetail?schoolname=princess-elizabeth-primary-school
117,punggol,Punggol Primary School,https://sgschooling.com/img/logo/punggol.jpg,Hougang,61 Hougang Avenue 8 S538787,538787,http://www.punggolpri.moe.edu.sg/,,false,false,false,false,,Punggol Primary School.jpg,https://www.moe.gov.sg/schoolfinder/schooldetail?schoolname=punggol-primary-school
115,punggol-cove,Punggol Cove Primary School,https://sgschooling.com/img/logo/punggol-cove.jpg,Punggol,52 Sumang Walk S828674,828674,https://punggolcovepri.moe.edu.sg/,,false,false,false,false,,Punggol Cove Primary School.jpg,https://www.moe.gov.sg/schoolfinder/schooldetail?schoolname=punggol-cove-primary-school
116,punggol-green,Punggol Green Primary School,https://sgschooling.com/img/logo/punggol-green.jpg,Punggol,98 Punggol Walk S828772,828772,http://www.punggolgreenpri.moe.edu.sg,,false,false,false,false,,Punggol Green Primary School.jpg,https://www.moe.gov.sg/schoolfinder/schooldetail?schoolname=punggol-green-primary-school
118,punggol-view,Punggol View Primary School,https://sgschooling.com/img/logo/punggol-view.jpg,Punggol,9 Punggol Place S828845,828845,http://www.punggolviewpri.moe.edu.sg,,false,false,false,false,,Punggol View Primary School.jpg,https://www.moe.gov.sg/schoolfinder/schooldetail?schoolname=punggol-view-primary-school
119,qifa,Qifa Primary School,https://sgschooling.com/img/logo/qifa.jpg,Clementi,50 West Coast Avenue S128104,128104,http://www.qifapri.moe.edu.sg,,false,false,false,false,,Qifa Primary School.jpg,https://www.moe.gov.sg/schoolfinder/schooldetail?schoolname=qifa-primary-school
120,qihua,Qihua Primary School,https://sgschooling.com/img/logo/qihua.jpg,Woodlands,5 Woodlands Street 81 S738525,738525,http://www.qihuapri.moe.edu.sg,,false,false,false,false,,Qihua Primary School.jpg,https://www.moe.gov.sg/schoolfinder/schooldetail?schoolname=qihua-primary-school
121,queenstown,Queenstown Primary School,https://sgschooling.com/img/logo/queenstown.jpg,Queenstown,310 Margaret Dr S149303,149303,http://www.queenstownpri.moe.edu.sg,,false,false,false,false,,Queenstown Primary School.jpg,https://www.moe.gov.sg/schoolfinder/schooldetail?schoolname=queenstown-primary-school
122,radin-mas,Radin Mas Primary School,https://sgschooling.com/img/logo/radin-mas.jpg,Bukit Merah,1 Bukit Purmei Avenue S099840,99840,http://www.radinmasps.moe.edu.sg,,false,false,false,false,,Radin Mas Primary School.jpg,https://www.moe.gov.sg/schoolfinder/schooldetail?schoolname=radin-mas-primary-school
183,raffles-girls,Raffles Girls' Primary School,https://sgschooling.com/img/logo/raffles-girls.jpg,Bukit Timah,21 Hillcrest Road S289072,289072,http://www.rafflesgirlspri.moe.edu.sg,"60h, requires interview, apply in Dec",false,false,true,true,,Raffles Girls' Primary School.jpg,https://www.moe.gov.sg/schoolfinder/schooldetail?schoolname=raffles-girls-primary-school
123,red-swastika,Red Swastika School,https://sgschooling.com/img/logo/red-swastika.jpg,Bedok,350 Bedok North Avenue 3 S469719,469719,http://www.redswastika.moe.edu.sg,40h,true,false,false,false,,Red Swastika School.jpg,https://www.moe.gov.sg/schoolfinder/schooldetail?schoolname=red-swastika-school
124,river-valley,River Valley Primary School,https://sgschooling.com/img/logo/river-valley.jpg,Central,2 River Valley Green S237993,237993,http://www.rivervalleypri.moe.edu.sg,,false,false,false,false,,River Valley Primary School.jpg,https://www.moe.gov.sg/schoolfinder/schooldetail?schoolname=river-valley-primary-school
125,riverside,Riverside Primary School,https://sgschooling.com/img/logo/riverside.jpg,Woodlands,110 Woodlands Crescent S737803,737803,http://www.riversidepri.moe.edu.sg,40h,false,false,false,false,,Riverside Primary School.jpg,https://www.moe.gov.sg/schoolfinder/schooldetail?schoolname=riverside-primary-school
126,rivervale,Rivervale Primary School,https://sgschooling.com/img/logo/rivervale.jpg,Sengkang,80 Rivervale Drive S545092,545092,http://www.rivervalepri.moe.edu.sg/,,false,false,false,false,,Rivervale Primary School.jpg,https://www.moe.gov.sg/schoolfinder/schooldetail?schoolname=rivervale-primary-school
140,rosyth,Rosyth School,https://sgschooling.com/img/logo/rosyth.jpg,Serangoon,21 Serangoon North Avenue 4 S555855,555855,https://www.rosyth.moe.edu.sg,"70h, interview",false,false,false,true,,Rosyth School.jpg,https://www.moe.gov.sg/schoolfinder/schooldetail?schoolname=rosyth-school
127,rulang,Rulang Primary School,https://sgschooling.com/img/logo/rulang.jpg,Jurong West,6 Jurong West Street 52 S649295,649295,http://www.rulangpri.moe.edu.sg/,Email the school,false,false,false,false,,Rulang Primary School.jpg,https://www.moe.gov.sg/schoolfinder/schooldetail?schoolname=rulang-primary-school
128,sembawang,Sembawang Primary School,https://sgschooling.com/img/logo/sembawang.jpg,Sembawang,10 Sembawang Drive S757715,757715,http://www.sembawangpri.moe.edu.sg,,false,false,false,false,,Sembawang Primary School.jpg,https://www.moe.gov.sg/schoolfinder/schooldetail?schoolname=sembawang-primary-school
129,seng-kang,Seng Kang Primary School,https://sgschooling.com/img/logo/seng-kang.jpg,Sengkang,21 Compassvale Walk S545166,545166,http://www.sengkangpri.moe.edu.sg/,,false,false,false,false,,Seng Kang Primary School.jpg,https://www.moe.gov.sg/schoolfinder/schooldetail?schoolname=seng-kang-primary-school
130,sengkang-green,Sengkang Green Primary School,https://sgschooling.com/img/logo/sengkang-green.jpg,Sengkang,15 Fernvale Road S797636,797636,https://sengkanggreenpri.moe.edu.sg/,,false,false,false,false,,Sengkang Green Primary School.jpg,https://www.moe.gov.sg/schoolfinder/schooldetail?schoolname=sengkang-green-primary-school
131,shuqun,Shuqun Primary School,https://sgschooling.com/img/logo/shuqun.jpg,Jurong West,8 Jurong West Street 51 S649332,649332,http://www.shuqunpri.moe.edu.sg,,false,false,false,false,,Shuqun Primary School.jpg,https://www.moe.gov.sg/schoolfinder/schooldetail?schoolname=shuqun-primary-school
132,si-ling,Si Ling Primary School,https://sgschooling.com/img/logo/si-ling.jpg,Woodlands,61 Woodlands Avenue 1 S739067,739067,http://www.silingpri.moe.edu.sg,,false,false,false,false,,Si Ling Primary School.jpg,https://www.moe.gov.sg/schoolfinder/schooldetail?schoolname=si-ling-primary-school
133,singapore-chinese-girls,Singapore Chinese Girls' Primary School,https://sgschooling.com/img/logo/singapore-chinese-girls.jpg,Novena,190 Dunearn Road S309437,309437,http://www.scgs.moe.edu.sg,40h,false,false,true,false,Singapore Chinese Girls’ School,Singapore Chinese Girls' Primary School.jpg,https://www.moe.gov.sg/schoolfinder/schooldetail?schoolname=singapore-chinese-girls-primary-school
134,south-view,South View Primary School,https://sgschooling.com/img/logo/south-view.jpg,Choa Chu Kang,6 Choa Chu Kang Central S689762,689762,http://www.southviewpri.moe.edu.sg,,false,false,false,false,,South View Primary School.jpg,https://www.moe.gov.sg/schoolfinder/schooldetail?schoolname=south-view-primary-school
135,springdale,Springdale Primary School,https://sgschooling.com/img/logo/springdale.jpg,Sengkang,71 Anchorvale Link S544799,544799,http://springdalepri.moe.edu.sg/,40h,false,false,false,false,,Springdale Primary School.jpg,https://www.moe.gov.sg/schoolfinder/schooldetail?schoolname=springdale-primary-school
136,st-andrew-junior,St. Andrew's Junior School,https://sgschooling.com/img/logo/st-andrew-junior.jpg,Toa Payoh,2 Francis Thomas Drive S359337,359337,http://www.saintandrewsjunior.moe.edu.sg,,false,true,false,false,St. Andrew’s Secondary School,St. Andrew's Junior School.jpg,https://www.moe.gov.sg/schoolfinder/schooldetail?schoolname=st-andrews-junior-school
138,st-anthony,St. Anthony's Primary School,https://sgschooling.com/img/logo/st-anthony.jpg,Bukit Batok,30 Bukit Batok St 32 S659401,659401,http://www.stanthonyspri.moe.edu.sg,,false,false,false,false,"St. Joseph’s Institution, St. Patrick’s School",St. Anthony's Primary School.jpg,https://www.moe.gov.sg/schoolfinder/schooldetail?schoolname=st-anthonys-primary-school
137,st-anthony-canossian,St. Anthony's Canossian Primary School,https://sgschooling.com/img/logo/st-anthony-canossian.jpg,Bedok,1602 Bedok North Ave 4 S469701,469701,http://www.stanthonyscanossianpri.moe.edu.sg,,false,false,true,false,St. Anthony’s Canossian Secondary School,St. Anthony's Canossian Primary School.jpg,https://www.moe.gov.sg/schoolfinder/schooldetail?schoolname=st-anthonys-canossian-primary-school
139,st-gabriel,St. Gabriel's Primary School,https://sgschooling.com/img/logo/st-gabriel.jpg,Serangoon,220 Lorong Chuan S556742,556742,http://www.stgabrielspri.moe.edu.sg,,false,true,false,false,St. Gabriel’s Secondary School,St. Gabriel's Primary School.jpg,https://www.moe.gov.sg/schoolfinder/schooldetail?schoolname=st-gabriels-primary-school
184,st-hilda,St. Hilda's Primary School,https://sgschooling.com/img/logo/st-hilda.jpg,Tampines,2 Tampines Ave 3 S529706,529706,http://www.shps.moe.edu.sg,"Weekly for 2 years, apply by Aug",false,false,false,true,St. Hilda’s Secondary School,St. Hilda's Primary School.jpg,https://www.moe.gov.sg/schoolfinder/schooldetail?schoolname=st-hildas-primary-school
141,st-joseph-institution-junior,St. Joseph's Institution Junior,https://sgschooling.com/img/logo/st-joseph-institution-junior.jpg,Novena,3 Essex Road S309331,309331,https://sjijunior.moe.edu.sg,,false,true,false,false,"St. Joseph’s Institution, St. Patrick’s School",St. Joseph's Institution Junior.jpg,https://www.moe.gov.sg/schoolfinder/schooldetail?schoolname=st-josephs-institution-junior
185,st-margaret,St. Margaret's School (Primary),https://sgschooling.com/img/logo/st-margaret.jpg,Central,99 Wilkie Road S228091,228091,https://stmargaretspri.moe.edu.sg,,false,false,true,false,St. Margaret’s Secondary School,St. Margaret's School (Primary).jpg,https://www.moe.gov.sg/schoolfinder/schooldetail?schoolname=st-margarets-school-primary
142,st-stephen,St. Stephen's School,https://sgschooling.com/img/logo/st-stephen.jpg,Bedok,20 Siglap View S455789,455789,http://www.ststephens.moe.edu.sg,,false,true,false,false,"St. Joseph’s Institution, St. Patrick’s School",St. Stephen's School.jpg,https://www.moe.gov.sg/schoolfinder/schooldetail?schoolname=st-stephens-school
143,stamford,Stamford Primary School,https://sgschooling.com/img/logo/stamford.jpg,Central,1 Victoria Lane S198423,198423,,,false,false,false,false,,,
145,tampines,Tampines Primary School,https://sgschooling.com/img/logo/tampines.jpg,Tampines,250 Tampines Street 12 S529426,529426,http://www.tampinespri.moe.edu.sg,,false,false,false,false,,Tampines Primary School.jpg,https://www.moe.gov.sg/schoolfinder/schooldetail?schoolname=tampines-primary-school
144,tampines-north,Tampines North Primary School,https://sgschooling.com/img/logo/tampines-north.jpg,Tampines,30 Tampines Avenue 9 S529565,529565,http://www.tampinesnorthpri.moe.edu.sg,,false,false,false,false,,Tampines North Primary School.jpg,https://www.moe.gov.sg/schoolfinder/schooldetail?schoolname=tampines-north-primary-school
146,tanjong-katong,Tanjong Katong Primary School,https://sgschooling.com/img/logo/tanjong-katong.jpg,Marine Parade,10 Seraya Road S437259,437259,http://www.tanjongkatongpri.moe.edu.sg/,,false,false,false,false,,Tanjong Katong Primary School.jpg,https://www.moe.gov.sg/schoolfinder/schooldetail?schoolname=tanjong-katong-primary-school
175,tao-nan,Tao Nan School,https://sgschooling.com/img/logo/tao-nan.jpg,Marine Parade,49 Marine Crescent S449761,449761,http://www.taonan.moe.edu.sg,"Singapore Hokkein Huay Kuan, 2y membership, 80h ",true,false,false,true,,Tao Nan School.jpg,https://www.moe.gov.sg/schoolfinder/schooldetail?schoolname=tao-nan-school
147,teck-ghee,Teck Ghee Primary School,https://sgschooling.com/img/logo/teck-ghee.jpg,Ang Mo Kio,1 Ang Mo Kio Street 32 S569299,569299,http://www.teckgheepri.moe.edu.sg,"40h, apply by Apr",false,false,false,false,,Teck Ghee Primary School.jpg,https://www.moe.gov.sg/schoolfinder/schooldetail?schoolname=teck-ghee-primary-school
148,teck-whye,Teck Whye Primary School,https://sgschooling.com/img/logo/teck-whye.jpg,Choa Chu Kang,11 Teck Whye Walk S688261,688261,http://www.teckwhyepri.moe.edu.sg,,false,false,false,false,,Teck Whye Primary School.jpg,https://www.moe.gov.sg/schoolfinder/schooldetail?schoolname=teck-whye-primary-school
149,telok-kurau,Telok Kurau Primary School,https://sgschooling.com/img/logo/telok-kurau.jpg,Bedok,50 Bedok Reservoir Rd S479239,479239,http://www.telokkuraupri.moe.edu.sg,,false,false,false,false,,Telok Kurau Primary School.jpg,https://www.moe.gov.sg/schoolfinder/schooldetail?schoolname=telok-kurau-primary-school
150,temasek,Temasek Primary School,https://sgschooling.com/img/logo/temasek.jpg,Bedok,501 Bedok South Ave 3 S469300,469300,http://www.temasekpri.moe.edu.sg,,false,false,false,false,,Temasek Primary School.jpg,https://www.moe.gov.sg/schoolfinder/schooldetail?schoolname=temasek-primary-school
151,townsville,Townsville Primary School,https://sgschooling.com/img/logo/townsville.jpg,Ang Mo Kio,3 Ang Mo Kio Ave 10 S569730,569730,http://www.townsvillepri.moe.edu.sg/,,false,false,false,false,,Townsville Primary School.jpg,https://www.moe.gov.sg/schoolfinder/schooldetail?schoolname=townsville-primary-school
152,unity,Unity Primary School,https://sgschooling.com/img/logo/unity.jpg,Choa Chu Kang,21 Choa Chu Kang Crescent S688268,688268,http://www.unitypri.moe.edu.sg,,false,false,false,false,,Unity Primary School.jpg,https://www.moe.gov.sg/schoolfinder/schooldetail?schoolname=unity-primary-school
178,valour,Valour Primary School,https://sgschooling.com/img/logo/valour.jpg,Punggol,49 Punggol Central S828728,828728,http://valourpri.moe.edu.sg,,false,false,false,false,,Valour Primary School.jpg,https://www.moe.gov.sg/schoolfinder/schooldetail?schoolname=valour-primary-school
153,waterway,Waterway Primary School,https://sgschooling.com/img/logo/waterway.jpg,Punggol,70 Punggol Drive S828802,828802,https://waterwaypri.moe.edu.sg,,false,false,false,false,,Waterway Primary School.jpg,https://www.moe.gov.sg/schoolfinder/schooldetail?schoolname=waterway-primary-school
154,wellington,Wellington Primary School,https://sgschooling.com/img/logo/wellington.jpg,Sembawang,10 Wellington Circle S757702,757702,http://www.wellingtonpri.moe.edu.sg,,false,false,false,false,,Wellington Primary School.jpg,https://www.moe.gov.sg/schoolfinder/schooldetail?schoolname=wellington-primary-school
155,west-grove,West Grove Primary School,https://sgschooling.com/img/logo/west-grove.jpg,Jurong West,1 Jurong West St 72 S649223,649223,http://www.westgrovepri.moe.edu.sg/,,false,false,false,false,,West Grove Primary School.jpg,https://www.moe.gov.sg/schoolfinder/schooldetail?schoolname=west-grove-primary-school
156,west-spring,West Spring Primary School,https://sgschooling.com/img/logo/west-spring.jpg,Bukit Panjang,60 Bukit Panjang Ring Road S679946,679946,http://www.westspringpri.moe.edu.sg,,false,false,false,false,,West Spring Primary School.jpg,https://www.moe.gov.sg/schoolfinder/schooldetail?schoolname=west-spring-primary-school
157,west-view,West View Primary School,https://sgschooling.com/img/logo/west-view.jpg,Bukit Panjang,31 Senja Road S677742,677742,http://www.westviewpri.moe.edu.sg,,false,false,false,false,,West View Primary School.jpg,https://www.moe.gov.sg/schoolfinder/schooldetail?schoolname=west-view-primary-school
158,westwood,Westwood Primary School,https://sgschooling.com/img/logo/westwood.jpg,Jurong West,1 Jurong West Street 73 S649188,649188,http://www.westwoodpri.moe.edu.sg,,false,false,false,false,,Westwood Primary School.jpg,https://www.moe.gov.sg/schoolfinder/schooldetail?schoolname=westwood-primary-school
159,white-sands,White Sands Primary School,https://sgschooling.com/img/logo/white-sands.jpg,Pasir Ris,2 Pasir Ris St 11 S519075,519075,http://www.whitesandspri.moe.edu.sg,,false,false,false,false,,White Sands Primary School.jpg,https://www.moe.gov.sg/schoolfinder/schooldetail?schoolname=white-sands-primary-school
160,woodgrove,Woodgrove Primary School,https://sgschooling.com/img/logo/woodgrove.jpg,Woodlands,2 Woodlands Drive 14 S738079,738079,http://www.woodgrovepri.moe.edu.sg/,,false,false,false,false,,Woodgrove Primary School.jpg,https://www.moe.gov.sg/schoolfinder/schooldetail?schoolname=woodgrove-primary-school
161,woodlands,Woodlands Primary School,https://sgschooling.com/img/logo/woodlands.jpg,Woodlands,10 Woodlands Drive 50 S738853,738853,http://www.woodlandspri.moe.edu.sg,,false,false,false,false,,Woodlands Primary School.jpg,https://www.moe.gov.sg/schoolfinder/schooldetail?schoolname=woodlands-primary-school
162,woodlands-ring,Woodlands Ring Primary School,https://sgschooling.com/img/logo/woodlands-ring.jpg,Woodlands,11 Woodlands Ring Road S738240,738240,http://www.woodlandsringpri.moe.edu.sg,,false,false,false,false,,Woodlands Ring Primary School.jpg,https://www.moe.gov.sg/schoolfinder/schooldetail?schoolname=woodlands-ring-primary-school
163,xinghua,Xinghua Primary School,https://sgschooling.com/img/logo/xinghua.jpg,Hougang,45 Hougang Avenue 1 S538882,538882,http://www.xinghuapri.moe.edu.sg,,false,false,false,false,,Xinghua Primary School.jpg,https://www.moe.gov.sg/schoolfinder/schooldetail?schoolname=xinghua-primary-school
164,xingnan,Xingnan Primary School,https://sgschooling.com/img/logo/xingnan.jpg,Jurong West,5 Jurong West Street 91 S649036,649036,http://www.xingnanpri.moe.edu.sg,,false,false,false,false,,Xingnan Primary School.jpg,https://www.moe.gov.sg/schoolfinder/schooldetail?schoolname=xingnan-primary-school
165,xinmin,Xinmin Primary School,https://sgschooling.com/img/logo/xinmin.jpg,Hougang,9 Hougang Avenue 8 S538784,538784,https://xinminpri.moe.edu.sg/,,false,false,false,false,,Xinmin Primary School.jpg,https://www.moe.gov.sg/schoolfinder/schooldetail?schoolname=xinmin-primary-school
166,xishan,Xishan Primary School,https://sgschooling.com/img/logo/xishan.jpg,Yishun,8 Yishun Street 21 S768611,768611,https://www.xishanpri.moe.edu.sg/,,false,false,false,false,,Xishan Primary School.jpg,https://www.moe.gov.sg/schoolfinder/schooldetail?schoolname=xishan-primary-school
167,yangzheng,Yangzheng Primary School,https://sgschooling.com/img/logo/yangzheng.jpg,Serangoon,15 Serangoon Avenue 3 S556108,556108,http://www.yangzhengpri.moe.edu.sg/,,false,false,false,false,,Yangzheng Primary School.jpg,https://www.moe.gov.sg/schoolfinder/schooldetail?schoolname=yangzheng-primary-school
168,yew-tee,Yew Tee Primary School,https://sgschooling.com/img/logo/yew-tee.jpg,Choa Chu Kang,10 Choa Chu Kang St 64 S689100,689100,http://www.yewteepri.moe.edu.sg,,false,false,false,false,,Yew Tee Primary School.jpg,https://www.moe.gov.sg/schoolfinder/schooldetail?schoolname=yew-tee-primary-school
169,yio-chu-kang,Yio Chu Kang Primary School,https://sgschooling.com/img/logo/yio-chu-kang.jpg,Hougang,1 Hougang Street 51 S538720,538720,http://www.yiochukangpri.moe.edu.sg,,false,false,false,false,,Yio Chu Kang Primary School.jpg,https://www.moe.gov.sg/schoolfinder/schooldetail?schoolname=yio-chu-kang-primary-school
170,yishun,Yishun Primary School,https://sgschooling.com/img/logo/yishun.jpg,Yishun,500 Yishun Ring Road S768679,768679,http://www.yishunpri.moe.edu.sg,,false,false,false,false,,Yishun Primary School.jpg,https://www.moe.gov.sg/schoolfinder/schooldetail?schoolname=yishun-primary-school
171,yu-neng,Yu Neng Primary School,https://sgschooling.com/img/logo/yu-neng.jpg,Bedok,56 Bedok North St 3 S469623,469623,http://www.ynps.moe.edu.sg/,,false,false,false,false,,Yu Neng Primary School.jpg,https://www.moe.gov.sg/schoolfinder/schooldetail?schoolname=yu-neng-primary-school
172,yuhua,Yuhua Primary School,https://sgschooling.com/img/logo/yuhua.jpg,Jurong East,158 Jurong East Street 24 S609558,609558,http://www.yuhuapri.moe.edu.sg,,false,false,false,false,,Yuhua Primary School.jpg,https://www.moe.gov.sg/schoolfinder/schooldetail?schoolname=yuhua-primary-school
173,yumin,Yumin Primary School,https://sgschooling.com/img/logo/yumin.jpg,Tampines,3 Tampines Street 21 S529393,529393,http://www.yuminpri.moe.edu.sg,,false,false,false,false,,Yumin Primary School.jpg,https://www.moe.gov.sg/schoolfinder/schooldetail?schoolname=yumin-primary-school
174,zhangde,Zhangde Primary School,https://sgschooling.com/img/logo/zhangde.jpg,Bukit Merah,51 Jalan Membina S169485,169485,http://www.zhangdepri.moe.edu.sg/,,false,false,false,false,,Zhangde Primary School.jpg,https://www.moe.gov.sg/schoolfinder/schooldetail?schoolname=zhangde-primary-school
176,zhenghua,Zhenghua Primary School,https://sgschooling.com/img/logo/zhenghua.jpg,Bukit Panjang,9 Fajar Road S679002,679002,http://www.zhenghuapri.moe.edu.sg,,false,false,false,false,,Zhenghua Primary School.jpg,https://www.moe.gov.sg/schoolfinder/schooldetail?schoolname=zhenghua-primary-school
177,zhonghua,Zhonghua Primary School,https://sgschooling.com/img/logo/zhonghua.jpg,Serangoon,12 Serangoon Avenue 4 S556095,556095,http://www.zhonghuapri.moe.edu.sg,,false,false,false,false,,Zhonghua Primary School.jpg,https://www.moe.gov.sg/schoolfinder/schooldetail?schoolname=zhonghua-primary-school